OverallQual,GarageCars,TotalBsmtSF,FullBath,TotRmsAbvGrd,YearBuilt,YearRemodAdd,SalePrice
5.0,1.0,882.0,1.0,5.0,1961.0,1961.0,111703.49333333335
6.0,1.0,1329.0,1.0,6.0,1958.0,1958.0,145212.3333333333
5.0,2.0,928.0,2.0,6.0,1997.0,1998.0,169701.6
6.0,2.0,926.0,2.0,7.0,1998.0,1998.0,194384.0
8.0,2.0,1280.0,2.0,5.0,1992.0,1992.0,204112.06
6.0,2.0,763.0,2.0,7.0,1993.0,1994.0,183250.0
6.0,2.0,1168.0,2.0,6.0,1992.0,2007.0,185780.32
6.0,2.0,789.0,2.0,7.0,1998.0,1998.0,202344.0
7.0,2.0,1300.0,1.0,5.0,1990.0,1990.0,202491.63
4.0,2.0,882.0,1.0,4.0,1970.0,1970.0,123684.16666666666
7.0,2.0,1405.0,2.0,5.0,1999.0,1999.0,185358.8
6.0,1.0,483.0,1.0,5.0,1971.0,1971.0,88787.0
5.0,1.0,525.0,1.0,6.0,1971.0,1971.0,102652.66666666669
6.0,2.0,855.0,2.0,6.0,1975.0,1975.0,159493.5
7.0,1.0,836.0,1.0,4.0,1975.0,1975.0,163953.5
9.0,3.0,1590.0,2.0,10.0,2009.0,2010.0,407963.1
8.0,3.0,1544.0,2.0,7.0,2009.0,2010.0,272533.71
9.0,3.0,1698.0,2.0,7.0,2005.0,2005.0,302956.82
8.0,3.0,1822.0,2.0,8.0,2005.0,2006.0,300589.98
9.0,3.0,2846.0,2.0,10.0,2003.0,2004.0,427987.24
8.0,3.0,1671.0,2.0,7.0,2002.0,2002.0,270039.66
8.0,2.0,1370.0,2.0,6.0,2006.0,2006.0,234718.825
6.0,2.0,1324.0,2.0,6.0,2005.0,2005.0,188676.12
7.0,2.0,1145.0,2.0,6.0,2006.0,2006.0,203142.38
7.0,2.0,384.0,2.0,7.0,2004.0,2004.0,170355.98333333337
7.0,2.0,847.0,2.0,7.0,2004.0,2004.0,197336.0
8.0,3.0,1629.0,2.0,7.0,1998.0,1998.0,314542.63
8.0,3.0,1595.0,2.0,6.0,2005.0,2006.0,253864.66
7.0,2.0,1218.0,2.0,4.0,2009.0,2010.0,212744.3
6.0,2.0,1468.0,2.0,6.0,2005.0,2005.0,198849.6
7.0,2.0,831.0,2.0,8.0,2004.0,2004.0,201567.0
5.0,1.0,816.0,1.0,5.0,1920.0,1950.0,106462.0
6.0,2.0,1208.0,2.0,7.0,1974.0,2002.0,195137.82
8.0,3.0,1231.0,2.0,9.0,1993.0,1993.0,309813.61
8.0,3.0,1390.0,2.0,7.0,1992.0,1993.0,295694.71
7.0,2.0,1488.0,2.0,6.0,2004.0,2005.0,207518.425
7.0,2.0,840.0,2.0,3.0,2004.0,2004.0,191246.0
7.0,2.0,600.0,2.0,4.0,2004.0,2004.0,149522.92
7.0,2.0,600.0,2.0,4.0,2004.0,2005.0,149707.24
6.0,2.0,600.0,2.0,4.0,2005.0,2005.0,160143.33000000002
6.0,2.0,756.0,2.0,5.0,2000.0,2000.0,176181.33
7.0,2.0,530.0,2.0,4.0,2003.0,2003.0,151520.56
8.0,3.0,1642.0,1.0,6.0,2010.0,2010.0,298468.45
8.0,2.0,975.0,2.0,7.0,2000.0,2000.0,229794.3
7.0,2.0,1492.0,2.0,6.0,2002.0,2002.0,213828.7
6.0,2.0,1829.0,2.0,8.0,1967.0,1967.0,211022.0
6.0,2.0,1280.0,2.0,9.0,1993.0,1993.0,217914.25
6.0,2.0,1224.0,3.0,7.0,1978.0,1978.0,179903.83333333337
6.0,2.0,715.0,1.0,7.0,1971.0,1971.0,159161.5
5.0,2.0,1232.0,1.0,6.0,1966.0,1966.0,155682.0
5.0,2.0,1209.0,1.0,6.0,1966.0,1966.0,151275.0
5.0,2.0,1510.0,2.0,6.0,1967.0,1967.0,169626.0
6.0,2.0,533.0,2.0,8.0,1964.0,1964.0,223202.0
5.0,0.0,1728.0,2.0,10.0,1962.0,2001.0,174800.0
5.0,2.0,1140.0,2.0,7.0,1952.0,2002.0,154025.97
6.0,2.0,782.0,2.0,6.0,1949.0,1950.0,168581.4
6.0,1.0,1080.0,1.0,5.0,1966.0,2008.0,161222.5
5.0,2.0,1604.0,2.0,8.0,1958.0,1958.0,134724.5
7.0,2.0,1480.0,2.0,7.0,2003.0,2009.0,218887.69
5.0,1.0,1143.0,1.0,6.0,1959.0,1959.0,139487.0
5.0,1.0,1206.0,1.0,6.0,1959.0,1959.0,148322.0
6.0,2.0,1244.0,1.0,6.0,1959.0,1959.0,154943.5
4.0,1.0,832.0,1.0,5.0,1956.0,1956.0,115086.44
5.0,1.0,864.0,1.0,4.0,1952.0,1952.0,119742.16666666669
5.0,1.0,972.0,1.0,5.0,1955.0,1955.0,123690.5
5.0,1.0,988.0,1.0,5.0,1958.0,1958.0,121708.16666666666
4.0,2.0,576.0,1.0,4.0,1920.0,1994.0,98822.84666666668
6.0,1.0,816.0,1.0,5.0,1948.0,2004.0,127849.75
5.0,2.0,1175.0,1.0,6.0,1960.0,1960.0,155833.5
6.0,2.0,1395.0,1.0,7.0,1963.0,1984.0,166777.5
4.0,1.0,709.0,1.0,9.0,1900.0,1954.0,120751.18
5.0,0.0,936.0,1.0,5.0,1920.0,1950.0,101309.5
5.0,2.0,1347.0,1.0,6.0,1957.0,1957.0,150648.0
6.0,1.0,827.0,1.0,6.0,1938.0,2000.0,148177.88
5.0,1.0,1027.0,1.0,7.0,1948.0,2009.0,138113.75
5.0,1.0,1008.0,1.0,6.0,1920.0,1962.0,108514.25
2.0,2.0,678.0,1.0,5.0,1923.0,1970.0,103952.50666666668
8.0,1.0,930.0,2.0,7.0,1900.0,2003.0,192483.5
8.0,2.0,346.0,3.0,7.0,1890.0,2002.0,201176.13
5.0,0.0,840.0,2.0,12.0,1910.0,1950.0,125123.35
6.0,2.0,738.0,1.0,6.0,1922.0,1994.0,143040.0
5.0,1.0,988.0,1.0,7.0,1950.0,1997.0,147465.34666666665
7.0,1.0,1108.0,1.0,8.0,1922.0,2005.0,234518.36
4.0,1.0,765.0,1.0,4.0,1925.0,1950.0,103249.0
6.0,1.0,608.0,1.0,5.0,1939.0,1950.0,110490.66666666666
6.0,2.0,572.0,1.0,6.0,1940.0,1950.0,120638.0
5.0,1.0,835.0,1.0,7.0,1942.0,1950.0,123725.0
6.0,1.0,780.0,1.0,6.0,1948.0,1950.0,127208.5
5.0,2.0,528.0,1.0,5.0,1936.0,1980.0,122374.39
5.0,2.0,928.0,2.0,7.0,1930.0,1950.0,140210.72
6.0,1.0,1124.0,1.0,5.0,1923.0,1950.0,124292.0
4.0,2.0,888.0,1.0,9.0,1915.0,1950.0,111881.1
6.0,0.0,780.0,1.0,7.0,1912.0,2009.0,123763.78
6.0,1.0,662.0,1.0,6.0,1920.0,1993.0,135932.28
5.0,1.0,1422.0,2.0,8.0,1959.0,1959.0,146727.0
5.0,1.0,689.0,1.0,6.0,1917.0,1950.0,105048.23
5.0,0.0,1212.0,1.0,6.0,1915.0,1950.0,127575.0
6.0,1.0,600.0,1.0,5.0,1940.0,1950.0,110115.66666666666
4.0,0.0,707.0,1.0,7.0,1907.0,1950.0,102478.36
5.0,2.0,856.0,2.0,7.0,1910.0,1950.0,137583.85
4.0,0.0,1832.0,2.0,8.0,1967.0,1967.0,151122.59
5.0,1.0,864.0,1.0,5.0,1966.0,2008.0,129613.33333333334
5.0,1.0,864.0,1.0,4.0,1968.0,1968.0,115027.33333333334
5.0,2.0,1319.0,1.0,5.0,1978.0,1978.0,174831.5
5.0,2.0,720.0,1.0,7.0,1968.0,1968.0,136245.3
7.0,2.0,1420.0,1.0,4.0,1977.0,2001.0,208476.32
4.0,2.0,660.0,1.0,4.0,1927.0,1950.0,105427.55
6.0,2.0,1117.0,2.0,8.0,1978.0,1992.0,201293.4
3.0,1.0,972.0,2.0,8.0,1938.0,1990.0,116660.58
6.0,1.0,663.0,1.0,6.0,1950.0,1987.0,142112.37333333335
4.0,1.0,756.0,1.0,8.0,1947.0,1979.0,127982.04
5.0,1.0,1172.0,1.0,5.0,1954.0,1998.0,150049.75
7.0,2.0,1508.0,1.0,5.0,2009.0,2010.0,229926.72
5.0,2.0,1250.0,2.0,5.0,1964.0,1964.0,162990.0
7.0,2.0,1433.0,1.0,4.0,1987.0,1987.0,221634.48
6.0,4.0,946.0,2.0,8.0,1993.0,1993.0,201080.0
7.0,2.0,1222.0,2.0,6.0,2010.0,2010.0,213837.6
6.0,2.0,676.0,2.0,6.0,1900.0,1993.0,181266.72
5.0,2.0,870.0,1.0,4.0,1996.0,1996.0,145022.2666666667
7.0,2.0,878.0,2.0,8.0,1997.0,1998.0,194235.1
5.0,1.0,1026.0,1.0,5.0,1977.0,2004.0,141373.5
5.0,2.0,876.0,1.0,5.0,1972.0,1972.0,119757.33333333331
8.0,3.0,1978.0,2.0,8.0,2003.0,2003.0,336851.0
7.0,2.0,1040.0,2.0,9.0,1997.0,1997.0,241553.25
6.0,2.0,848.0,1.0,4.0,2003.0,2003.0,138840.875
3.0,1.0,0.0,1.0,5.0,1945.0,2007.0,80608.0
5.0,1.0,381.0,1.0,6.0,1954.0,1954.0,111358.0
5.0,1.0,1196.0,1.0,6.0,1968.0,1968.0,147621.09
4.0,2.0,744.0,1.0,5.0,1948.0,1950.0,112828.46333333332
6.0,1.0,1008.0,1.0,5.0,1975.0,1975.0,137040.5
4.0,0.0,960.0,1.0,5.0,1958.0,1958.0,102314.28
5.0,1.0,1107.0,2.0,5.0,1924.0,1999.0,140278.0
6.0,2.0,856.0,1.0,4.0,1939.0,1950.0,129551.66666666669
4.0,0.0,0.0,3.0,10.0,1967.0,1967.0,97846.21333333332
5.0,0.0,894.0,1.0,7.0,1931.0,1950.0,113366.0
7.0,1.0,1528.0,1.0,8.0,1941.0,1985.0,286264.86
5.0,2.0,1032.0,2.0,11.0,1950.0,1991.0,149274.28
7.0,2.0,423.0,2.0,6.0,1994.0,2007.0,166064.32
8.0,2.0,982.0,1.0,4.0,1989.0,1989.0,197369.0
8.0,2.0,1191.0,2.0,5.0,1989.0,1989.0,191297.0
2.0,1.0,480.0,1.0,4.0,1941.0,1950.0,68113.0
6.0,1.0,629.0,1.0,5.0,1921.0,1975.0,107449.16666666666
4.0,1.0,756.0,1.0,5.0,1896.0,1950.0,104426.74
8.0,2.0,1594.0,2.0,5.0,2004.0,2005.0,272733.0
8.0,3.0,1049.0,2.0,8.0,1998.0,1999.0,291236.0
6.0,2.0,1243.0,2.0,6.0,1977.0,1977.0,168945.32
6.0,2.0,1958.0,3.0,9.0,1976.0,1976.0,206628.0
7.0,3.0,1336.0,2.0,6.0,2008.0,2008.0,210959.39
7.0,2.0,1214.0,2.0,6.0,2009.0,2010.0,213972.6
5.0,2.0,384.0,2.0,7.0,2006.0,2007.0,163230.12
5.0,2.0,1068.0,1.0,7.0,1965.0,1977.0,158013.0
5.0,2.0,1430.0,2.0,7.0,2004.0,2005.0,196795.2
5.0,2.0,1344.0,2.0,7.0,1999.0,1999.0,193496.6
5.0,1.0,945.0,1.0,5.0,1973.0,1973.0,126471.61666666668
4.0,0.0,546.0,1.0,5.0,1970.0,1970.0,83202.75
4.0,0.0,546.0,1.0,5.0,1970.0,1970.0,83202.75
4.0,1.0,546.0,1.0,5.0,1972.0,1972.0,85194.25000000001
5.0,1.0,864.0,1.0,5.0,1971.0,2004.0,131046.16666666669
5.0,2.0,833.0,1.0,5.0,1984.0,1984.0,138973.28
5.0,2.0,1216.0,4.0,10.0,1985.0,1986.0,172047.5
5.0,2.0,624.0,1.0,6.0,1991.0,1991.0,137099.22666666665
5.0,1.0,864.0,2.0,8.0,1969.0,1969.0,142368.5
8.0,2.0,1679.0,2.0,6.0,1994.0,1995.0,297086.02
6.0,2.0,1152.0,2.0,7.0,1993.0,1994.0,190536.9
6.0,1.0,882.0,1.0,5.0,1956.0,1956.0,124874.98666666666
6.0,2.0,1434.0,2.0,7.0,1974.0,1974.0,182741.0
6.0,2.0,945.0,2.0,7.0,1997.0,1997.0,204269.0
8.0,3.0,1008.0,2.0,9.0,2003.0,2003.0,260091.65
7.0,2.0,384.0,2.0,7.0,1996.0,1997.0,169073.95
8.0,2.0,2208.0,2.0,8.0,2004.0,2005.0,296442.35
8.0,2.0,1418.0,2.0,5.0,1998.0,1998.0,281916.06
8.0,2.0,1587.0,2.0,6.0,1995.0,1996.0,279642.0
7.0,2.0,384.0,2.0,7.0,1998.0,1998.0,169806.6
6.0,2.0,952.0,2.0,7.0,1998.0,1999.0,180726.0
6.0,2.0,707.0,2.0,7.0,1994.0,1995.0,184961.4
6.0,2.0,1181.0,2.0,6.0,1993.0,1993.0,170238.0
5.0,2.0,1122.0,2.0,6.0,1977.0,1977.0,158435.2333333333
7.0,2.0,832.0,2.0,8.0,1978.0,1978.0,180770.0
6.0,2.0,1427.0,2.0,7.0,1978.0,1986.0,189068.5
7.0,2.0,1043.0,2.0,9.0,1980.0,1991.0,246221.0
6.0,2.0,1140.0,2.0,7.0,1978.0,1998.0,185166.5
7.0,2.0,926.0,2.0,7.0,2003.0,2003.0,216459.28
8.0,2.0,1058.0,2.0,7.0,2000.0,2001.0,249085.3
8.0,2.0,972.0,2.0,7.0,2002.0,2002.0,226829.8
5.0,2.0,1621.0,2.0,7.0,1975.0,1975.0,183650.0
6.0,2.0,1116.0,2.0,6.0,1974.0,1974.0,164518.33333333334
7.0,2.0,1176.0,2.0,5.0,1975.0,1975.0,167709.0
5.0,2.0,1180.0,1.0,6.0,1970.0,1970.0,156520.18
5.0,1.0,1043.0,1.0,6.0,1971.0,1971.0,130213.25
4.0,2.0,864.0,1.0,5.0,1970.0,1970.0,122040.33333333331
4.0,2.0,864.0,1.0,5.0,1971.0,2006.0,128459.0
6.0,1.0,483.0,1.0,5.0,1973.0,1973.0,97608.0
6.0,1.0,483.0,1.0,5.0,1972.0,1972.0,93701.0
6.0,2.0,804.0,2.0,7.0,1976.0,1976.0,163212.5
7.0,2.0,1057.0,2.0,4.0,1975.0,1975.0,170775.6666666667
6.0,2.0,855.0,2.0,6.0,1977.0,1977.0,149571.16666666666
6.0,2.0,804.0,2.0,7.0,1978.0,1978.0,155934.25
6.0,2.0,855.0,2.0,6.0,1978.0,1978.0,151029.83333333334
7.0,1.0,836.0,1.0,5.0,1976.0,1976.0,159385.5
5.0,2.0,864.0,1.0,5.0,1966.0,2004.0,133516.0
9.0,3.0,1776.0,3.0,10.0,2007.0,2007.0,442200.26
9.0,3.0,1365.0,2.0,8.0,2009.0,2009.0,350450.02
9.0,3.0,2020.0,2.0,7.0,2008.0,2008.0,402555.29
10.0,3.0,2630.0,2.0,8.0,2007.0,2007.0,433219.15
9.0,3.0,1736.0,2.0,7.0,2008.0,2008.0,339811.67
8.0,3.0,1782.0,2.0,7.0,2004.0,2005.0,244556.15
8.0,3.0,1508.0,2.0,10.0,2007.0,2007.0,294768.03
9.0,3.0,1739.0,2.0,8.0,2008.0,2008.0,354470.1
9.0,3.0,1504.0,2.0,6.0,2006.0,2006.0,299064.86
9.0,3.0,1774.0,2.0,7.0,2008.0,2008.0,330360.28
7.0,2.0,1760.0,2.0,8.0,2003.0,2004.0,239085.29
9.0,3.0,2452.0,2.0,10.0,2003.0,2003.0,484731.16
8.0,3.0,1082.0,3.0,10.0,2003.0,2004.0,335989.17
8.0,3.0,1598.0,2.0,6.0,2006.0,2006.0,247825.08
6.0,2.0,1358.0,2.0,6.0,2005.0,2005.0,192826.04
6.0,2.0,1306.0,2.0,5.0,2005.0,2005.0,190987.88
7.0,2.0,1350.0,2.0,6.0,2007.0,2008.0,202999.99
10.0,3.0,2492.0,2.0,8.0,2004.0,2005.0,402819.65
8.0,3.0,2200.0,2.0,8.0,2003.0,2004.0,334914.18
9.0,2.0,1884.0,2.0,6.0,2008.0,2009.0,337308.23
9.0,2.0,1451.0,2.0,6.0,2008.0,2008.0,301654.74
8.0,3.0,1712.0,2.0,8.0,2002.0,2003.0,289759.66
7.0,2.0,1405.0,2.0,6.0,2003.0,2003.0,178079.8
7.0,2.0,728.0,2.0,8.0,2005.0,2005.0,174080.0
6.0,2.0,745.0,2.0,7.0,2005.0,2006.0,169851.07
7.0,2.0,1220.0,2.0,5.0,2005.0,2006.0,181521.60083333336
7.0,2.0,384.0,2.0,6.0,2004.0,2005.0,163333.15333333335
7.0,2.0,868.0,2.0,7.0,2004.0,2005.0,208417.25
7.0,2.0,846.0,2.0,7.0,2004.0,2004.0,197336.0
7.0,2.0,782.0,2.0,8.0,2003.0,2003.0,183357.7
7.0,2.0,698.0,2.0,7.0,2003.0,2003.0,173859.82333333336
8.0,3.0,870.0,2.0,8.0,2002.0,2002.0,245522.46
7.0,2.0,384.0,2.0,7.0,2004.0,2004.0,170355.98333333337
6.0,2.0,794.0,2.0,7.0,2000.0,2000.0,197507.0
7.0,2.0,384.0,2.0,7.0,1999.0,2000.0,170749.25
7.0,3.0,1177.0,2.0,8.0,1999.0,1999.0,257908.19
7.0,2.0,384.0,2.0,7.0,1999.0,1999.0,170844.25
8.0,3.0,1455.0,2.0,10.0,2000.0,2000.0,310798.04
8.0,3.0,2024.0,2.0,7.0,1994.0,1995.0,366252.0
7.0,2.0,1070.0,2.0,7.0,1995.0,1996.0,234393.3
8.0,2.0,1173.0,2.0,8.0,1993.0,1994.0,243876.91
8.0,3.0,1696.0,2.0,7.0,2008.0,2008.0,276025.75
8.0,3.0,1614.0,2.0,7.0,2008.0,2008.0,276117.64
8.0,3.0,1702.0,2.0,7.0,2007.0,2007.0,303838.85
8.0,2.0,1422.0,2.0,7.0,2006.0,2006.0,297407.52
9.0,3.0,2458.0,2.0,9.0,2005.0,2006.0,437263.02
7.0,2.0,1436.0,2.0,6.0,2008.0,2009.0,214215.44
7.0,2.0,1402.0,2.0,7.0,2008.0,2008.0,209972.78333333333
9.0,3.0,1530.0,2.0,7.0,2007.0,2008.0,310201.06
8.0,2.0,1372.0,2.0,6.0,2006.0,2007.0,230158.545
8.0,3.0,900.0,2.0,8.0,2006.0,2006.0,256482.71
8.0,2.0,1836.0,2.0,8.0,2008.0,2009.0,296898.94
7.0,3.0,1652.0,2.0,8.0,2006.0,2007.0,258709.3
7.0,2.0,1553.0,2.0,6.0,2003.0,2004.0,218673.0
7.0,2.0,812.0,2.0,6.0,2003.0,2003.0,205838.0
7.0,2.0,1218.0,1.0,6.0,2007.0,2007.0,201366.11
7.0,2.0,1141.0,1.0,6.0,2006.0,2006.0,205375.57
6.0,0.0,1158.0,1.0,5.0,2004.0,2004.0,132768.35
7.0,2.0,835.0,2.0,8.0,2004.0,2004.0,201708.0
8.0,3.0,1512.0,2.0,6.0,2004.0,2004.0,268204.92
7.0,2.0,1114.0,1.0,6.0,2004.0,2005.0,208132.67
5.0,0.0,1114.0,1.0,6.0,2004.0,2004.0,112037.5
5.0,2.0,1114.0,2.0,6.0,2003.0,2004.0,166465.8
7.0,3.0,1450.0,2.0,6.0,2008.0,2009.0,221847.28
7.0,2.0,913.0,2.0,8.0,1996.0,1997.0,209500.0
6.0,2.0,816.0,2.0,6.0,1992.0,1992.0,178639.0
6.0,2.0,1332.0,2.0,5.0,1990.0,1991.0,175650.0
7.0,2.0,754.0,2.0,6.0,1994.0,1994.0,193935.0
6.0,2.0,676.0,2.0,6.0,1986.0,1986.0,174430.32
6.0,2.0,0.0,2.0,8.0,1981.0,1981.0,143043.36
5.0,2.0,980.0,1.0,5.0,1962.0,1962.0,132859.32
5.0,2.0,864.0,1.0,5.0,1961.0,1961.0,120358.29333333333
5.0,1.0,864.0,1.0,5.0,1961.0,1961.0,115818.74666666667
5.0,1.0,1024.0,2.0,5.0,1965.0,1965.0,137515.0
5.0,1.0,912.0,1.0,6.0,1963.0,1995.0,136568.84
5.0,1.0,912.0,1.0,6.0,1962.0,1962.0,129156.5
8.0,3.0,2014.0,2.0,6.0,1980.0,1980.0,336839.02
7.0,2.0,975.0,2.0,7.0,1991.0,2008.0,201280.27
7.0,3.0,1376.0,2.0,9.0,2004.0,2005.0,264873.47
6.0,2.0,1726.0,2.0,6.0,2008.0,2008.0,206726.2
6.0,2.0,1145.0,1.0,5.0,2008.0,2008.0,173743.0
6.0,2.0,756.0,2.0,4.0,2000.0,2000.0,173063.8266666667
7.0,2.0,691.0,2.0,6.0,1999.0,1999.0,175433.0
8.0,2.0,1694.0,2.0,5.0,1977.0,2008.0,317864.14
7.0,2.0,1740.0,1.0,7.0,1981.0,1981.0,245648.58
8.0,2.0,392.0,2.0,5.0,1976.0,1976.0,166099.0
7.0,2.0,752.0,2.0,7.0,1974.0,1974.0,196228.0
6.0,2.0,932.0,2.0,8.0,1967.0,1997.0,214601.96666666665
5.0,2.0,1288.0,2.0,6.0,1969.0,1969.0,160724.09
6.0,1.0,1216.0,1.0,5.0,1969.0,1969.0,149177.0
7.0,2.0,908.0,1.0,8.0,1977.0,1992.0,208087.9
5.0,1.0,864.0,1.0,5.0,1967.0,1967.0,114041.83333333334
5.0,2.0,1568.0,1.0,7.0,1967.0,1967.0,167551.5
7.0,2.0,1165.0,2.0,8.0,1974.0,1974.0,198131.8
6.0,2.0,1232.0,2.0,5.0,1971.0,1971.0,184059.0
4.0,2.0,894.0,1.0,5.0,1960.0,1960.0,122262.12333333334
5.0,1.0,864.0,1.0,5.0,1959.0,1959.0,117238.90666666668
4.0,3.0,1040.0,1.0,6.0,1957.0,1957.0,129229.76
5.0,2.0,1048.0,2.0,7.0,1956.0,1956.0,141285.82
5.0,2.0,1313.0,1.0,6.0,1961.0,1995.0,157860.0
5.0,2.0,1292.0,1.0,6.0,1964.0,1964.0,156600.0
5.0,2.0,744.0,2.0,7.0,1965.0,1965.0,150375.92
6.0,2.0,1208.0,1.0,7.0,1961.0,1961.0,170924.0
5.0,1.0,960.0,1.0,5.0,1955.0,1955.0,120478.08
6.0,2.0,1680.0,1.0,5.0,1967.0,1967.0,176340.5
6.0,2.0,1453.0,2.0,6.0,1961.0,1961.0,178540.5
6.0,2.0,1562.0,2.0,5.0,1966.0,2008.0,224552.0
5.0,1.0,1169.0,1.0,6.0,1956.0,1956.0,146826.0
7.0,2.0,1329.0,1.0,5.0,1960.0,1960.0,180847.0
6.0,1.0,988.0,2.0,6.0,1959.0,1998.0,151111.0
5.0,1.0,1202.0,1.0,6.0,1956.0,1956.0,146892.0
5.0,1.0,1382.0,1.0,6.0,1955.0,1955.0,150499.0
4.0,1.0,1200.0,1.0,6.0,1956.0,1956.0,142040.77
5.0,2.0,1866.0,2.0,8.0,1958.0,1958.0,137471.5
6.0,1.0,1062.0,1.0,6.0,1954.0,1954.0,135332.3333333333
5.0,2.0,631.0,1.0,5.0,1951.0,1951.0,115819.0
5.0,1.0,793.0,1.0,4.0,1945.0,1950.0,109420.0
5.0,1.0,1031.0,1.0,5.0,1952.0,2005.0,134280.75
5.0,1.0,0.0,1.0,7.0,1953.0,1953.0,110515.0
7.0,2.0,699.0,1.0,6.0,1948.0,1999.0,162754.0
5.0,1.0,1200.0,1.0,6.0,1950.0,1950.0,147292.0
3.0,1.0,792.0,1.0,4.0,1958.0,1958.0,102857.8
5.0,2.0,676.0,2.0,7.0,1939.0,2006.0,142633.2
4.0,1.0,405.0,1.0,6.0,1900.0,2003.0,80958.75333333333
5.0,1.0,1054.0,1.0,6.0,1925.0,1950.0,119040.25
4.0,2.0,1313.0,2.0,8.0,1915.0,1950.0,132424.0
7.0,2.0,560.0,2.0,5.0,1910.0,2008.0,155220.09
2.0,0.0,416.0,1.0,4.0,1940.0,1950.0,60469.5
5.0,2.0,720.0,1.0,4.0,1920.0,1950.0,123049.0
3.0,1.0,630.0,1.0,4.0,1890.0,1998.0,80194.92
6.0,3.0,1248.0,2.0,12.0,1969.0,1969.0,223241.1
6.0,1.0,1380.0,1.0,6.0,1963.0,1963.0,151005.5
6.0,2.0,1040.0,1.0,6.0,1967.0,1967.0,152927.5
6.0,2.0,951.0,1.0,6.0,1958.0,2007.0,173604.5
6.0,1.0,1105.0,1.0,5.0,1957.0,1957.0,139404.3333333333
6.0,1.0,160.0,1.0,5.0,1958.0,1958.0,98274.0
6.0,2.0,795.0,1.0,5.0,1950.0,1950.0,128463.5
5.0,1.0,1041.0,1.0,6.0,1958.0,1958.0,127198.0
5.0,1.0,732.0,1.0,4.0,1952.0,1952.0,115573.4
5.0,1.0,528.0,1.0,6.0,1959.0,1959.0,108372.00000000001
4.0,1.0,832.0,2.0,6.0,1949.0,1996.0,123997.53333333333
6.0,2.0,864.0,1.0,6.0,1948.0,1994.0,154111.0
6.0,2.0,780.0,1.0,8.0,1964.0,1964.0,159921.0
5.0,2.0,941.0,1.0,4.0,1978.0,1978.0,135254.0
6.0,1.0,1045.0,1.0,6.0,1963.0,1963.0,137317.0
6.0,1.0,901.0,1.0,6.0,1935.0,1998.0,152014.39
6.0,2.0,972.0,2.0,12.0,1910.0,1950.0,204750.1
5.0,2.0,240.0,1.0,6.0,1910.0,2003.0,116638.5
5.0,0.0,504.0,2.0,7.0,1910.0,2002.0,117867.98
5.0,2.0,690.0,1.0,7.0,1939.0,1950.0,125880.71
4.0,0.0,600.0,2.0,8.0,1920.0,1950.0,79707.5
5.0,0.0,801.0,1.0,6.0,1910.0,1950.0,104821.61
5.0,1.0,768.0,1.0,6.0,1950.0,1970.0,120768.42333333334
4.0,2.0,861.0,1.0,5.0,1920.0,1950.0,106471.26
2.0,1.0,0.0,1.0,4.0,1940.0,1950.0,64043.0
5.0,1.0,624.0,1.0,5.0,1923.0,1950.0,93050.0
4.0,2.0,677.0,2.0,7.0,1910.0,1950.0,107385.16
6.0,1.0,917.0,2.0,8.0,1900.0,1950.0,136798.74
6.0,1.0,624.0,1.0,5.0,1917.0,2007.0,118384.25
4.0,0.0,624.0,1.0,5.0,1910.0,1950.0,76755.0
6.0,1.0,972.0,1.0,6.0,1920.0,1950.0,108905.0
6.0,3.0,741.0,1.0,8.0,1910.0,2002.0,156960.79
3.0,0.0,245.0,1.0,5.0,1900.0,1950.0,62416.0
6.0,1.0,1022.0,1.0,6.0,1923.0,1950.0,118734.5
5.0,1.0,297.0,2.0,7.0,1930.0,1982.0,117324.1
5.0,1.0,468.0,1.0,6.0,1924.0,1950.0,90813.5
5.0,1.0,960.0,1.0,5.0,1925.0,1999.0,120366.34
5.0,1.0,952.0,2.0,6.0,1938.0,1950.0,122875.5
5.0,5.0,1072.0,1.0,5.0,1925.0,1950.0,127539.25
6.0,2.0,1048.0,2.0,8.0,1915.0,1950.0,186365.3
7.0,1.0,672.0,2.0,8.0,1915.0,1994.0,159368.85
5.0,0.0,1040.0,2.0,11.0,1922.0,1950.0,126967.25
6.0,1.0,720.0,2.0,8.0,1927.0,1950.0,146550.71
6.0,1.0,483.0,1.0,7.0,1915.0,2002.0,118014.5
7.0,0.0,1020.0,2.0,9.0,1902.0,2000.0,219042.87
6.0,1.0,1204.0,1.0,4.0,1927.0,1950.0,128496.0
4.0,0.0,858.0,1.0,5.0,1923.0,1950.0,96979.0
6.0,1.0,698.0,1.0,7.0,1915.0,1965.0,135482.14
4.0,1.0,560.0,1.0,4.0,1946.0,2001.0,85038.16666666669
5.0,0.0,1200.0,3.0,5.0,1987.0,1988.0,165818.4
5.0,1.0,1152.0,2.0,6.0,1978.0,1978.0,154457.9
5.0,1.0,585.0,2.0,6.0,1934.0,1950.0,111146.18
5.0,1.0,1052.0,1.0,6.0,1967.0,1967.0,137873.5
6.0,2.0,456.0,1.0,5.0,1978.0,1978.0,128778.0
5.0,1.0,552.0,2.0,8.0,1961.0,1961.0,123400.29333333333
6.0,2.0,1138.0,1.0,6.0,1960.0,1960.0,166284.0
5.0,1.0,825.0,1.0,9.0,1956.0,1956.0,137300.69
2.0,0.0,0.0,1.0,5.0,1947.0,1950.0,64584.0
4.0,2.0,0.0,1.0,6.0,1954.0,1954.0,108049.23
5.0,1.0,1073.0,1.0,5.0,1956.0,1956.0,132234.75
6.0,1.0,747.0,1.0,6.0,1946.0,1950.0,133632.87
5.0,1.0,1089.0,1.0,5.0,1954.0,1954.0,135287.5
5.0,1.0,1049.0,2.0,5.0,1984.0,1984.0,149116.05
7.0,2.0,1054.0,1.0,4.0,1990.0,1991.0,209727.56
6.0,2.0,520.0,1.0,5.0,1983.0,1983.0,126276.0
7.0,2.0,1079.0,2.0,8.0,1993.0,1994.0,242317.9
5.0,2.0,0.0,1.0,7.0,1880.0,2007.0,114248.24
5.0,2.0,0.0,2.0,8.0,1979.0,1979.0,125899.45
5.0,2.0,0.0,2.0,8.0,1979.0,1979.0,125899.45
5.0,2.0,1094.0,0.0,6.0,1979.0,1979.0,138784.84
5.0,2.0,0.0,2.0,8.0,1979.0,1979.0,125899.45
7.0,4.0,1168.0,4.0,8.0,2000.0,2000.0,242783.16
7.0,4.0,1168.0,4.0,8.0,2000.0,2000.0,242783.16
7.0,4.0,1168.0,4.0,8.0,2000.0,2000.0,242783.16
9.0,3.0,1555.0,1.0,8.0,2009.0,2009.0,359161.75
9.0,3.0,1720.0,2.0,8.0,2008.0,2008.0,353386.1
8.0,3.0,1468.0,2.0,6.0,2008.0,2008.0,293383.08
8.0,2.0,1838.0,2.0,7.0,2007.0,2008.0,287350.72
7.0,2.0,1282.0,2.0,6.0,2007.0,2007.0,191627.57
8.0,3.0,1254.0,2.0,5.0,2008.0,2008.0,272441.27
8.0,3.0,1498.0,2.0,7.0,2005.0,2006.0,266928.91
6.0,2.0,704.0,2.0,7.0,2005.0,2006.0,168806.92
7.0,2.0,1449.0,2.0,7.0,1992.0,1993.0,233090.0
5.0,1.0,990.0,1.0,5.0,1994.0,1994.0,132110.3333333333
7.0,2.0,1463.0,2.0,5.0,1998.0,1998.0,196973.0
6.0,2.0,928.0,2.0,7.0,1998.0,1998.0,200014.0
7.0,2.0,1431.0,2.0,6.0,2002.0,2001.0,188682.96
7.0,2.0,1492.0,2.0,6.0,2001.0,2001.0,213670.7
5.0,1.0,907.0,1.0,5.0,1978.0,1978.0,127717.7
5.0,2.0,914.0,1.0,5.0,1979.0,1979.0,134892.8
7.0,3.0,1569.0,2.0,6.0,2002.0,2002.0,244952.02
8.0,2.0,1068.0,2.0,8.0,2003.0,2003.0,250458.3
7.0,2.0,840.0,2.0,6.0,2002.0,2002.0,206235.0
7.0,2.0,944.0,2.0,6.0,2001.0,2001.0,219347.5
8.0,2.0,1462.0,2.0,5.0,1999.0,2000.0,257309.0
8.0,2.0,1822.0,2.0,7.0,2002.0,2003.0,253172.37
7.0,2.0,1417.0,2.0,7.0,1997.0,1998.0,229563.0
8.0,3.0,1578.0,2.0,7.0,2007.0,2007.0,244662.4
6.0,2.0,608.0,2.0,6.0,2007.0,2007.0,165466.4
4.0,1.0,1014.0,1.0,7.0,1960.0,1971.0,131556.28
6.0,2.0,547.0,1.0,5.0,2005.0,2006.0,148699.5
4.0,1.0,876.0,1.0,5.0,1959.0,1959.0,112463.34
5.0,1.0,1078.0,1.0,6.0,1950.0,1950.0,133836.0
5.0,0.0,1678.0,2.0,10.0,1959.0,1959.0,148278.0
5.0,1.0,1150.0,1.0,7.0,1956.0,1956.0,138262.5
5.0,1.0,720.0,1.0,6.0,1941.0,1950.0,122464.34
5.0,1.0,832.0,1.0,7.0,1938.0,1950.0,125642.5
6.0,1.0,583.0,1.0,6.0,1935.0,1950.0,121958.20666666667
6.0,2.0,816.0,1.0,6.0,1916.0,2000.0,137266.0
7.0,1.0,600.0,1.0,6.0,1918.0,1990.0,148470.08
5.0,2.0,840.0,1.0,6.0,1940.0,1950.0,125967.42
5.0,1.0,1273.0,1.0,5.0,1960.0,1960.0,124646.5
7.0,2.0,920.0,2.0,13.0,1940.0,1950.0,221133.1
5.0,1.0,1112.0,1.0,6.0,1954.0,1954.0,136718.75
6.0,2.0,1561.0,2.0,6.0,1960.0,1960.0,195645.5
5.0,1.0,1067.0,2.0,7.0,1949.0,2005.0,142439.15
6.0,2.0,1310.0,1.0,6.0,1954.0,1954.0,151391.0
6.0,2.0,516.0,1.0,5.0,1980.0,1980.0,124962.0
6.0,2.0,561.0,1.0,5.0,1980.0,1992.0,129412.0
6.0,2.0,561.0,1.0,5.0,1980.0,1980.0,126877.0
6.0,2.0,572.0,2.0,6.0,1986.0,1986.0,167369.96
7.0,2.0,1803.0,2.0,7.0,1971.0,2009.0,257461.84
5.0,2.0,760.0,2.0,11.0,1900.0,1993.0,142201.0
4.0,1.0,572.0,1.0,4.0,1925.0,1950.0,75933.5
8.0,2.0,1596.0,2.0,5.0,2007.0,2008.0,314351.0
2.0,1.0,0.0,1.0,4.0,1910.0,1950.0,62055.0
8.0,3.0,1107.0,2.0,7.0,2000.0,2001.0,249031.44
6.0,1.0,902.0,1.0,5.0,1977.0,1977.0,138505.0
6.0,2.0,957.0,1.0,5.0,1977.0,1977.0,147668.1
5.0,2.0,1582.0,2.0,5.0,1991.0,1991.0,181910.4
9.0,3.0,2190.0,2.0,9.0,2008.0,2008.0,450249.0
9.0,3.0,1641.0,2.0,7.0,2008.0,2008.0,328432.98
6.0,2.0,712.0,2.0,7.0,1980.0,2006.0,174072.05
7.0,2.0,1645.0,2.0,7.0,1987.0,1989.0,242429.5
7.0,2.0,912.0,2.0,9.0,2003.0,2003.0,234163.33
9.0,3.0,1978.0,2.0,7.0,2007.0,2007.0,367829.78
5.0,1.0,1008.0,1.0,6.0,1968.0,1968.0,129954.0
5.0,2.0,1188.0,2.0,7.0,1969.0,2000.0,170301.22
5.0,1.0,796.0,1.0,4.0,1972.0,1972.0,122835.66666666669
6.0,1.0,384.0,1.0,5.0,1993.0,1996.0,116889.0
5.0,2.0,828.0,1.0,5.0,1992.0,1993.0,140813.97333333333
5.0,2.0,624.0,1.0,6.0,1992.0,1992.0,138300.98666666666
5.0,2.0,784.0,1.0,7.0,1969.0,1969.0,136374.4
6.0,2.0,926.0,2.0,7.0,1997.0,1998.0,190293.0
6.0,2.0,680.0,2.0,7.0,1995.0,1996.0,186353.4
6.0,2.0,926.0,2.0,7.0,1998.0,1998.0,194384.0
6.0,2.0,916.0,2.0,7.0,1996.0,1996.0,200385.0
5.0,2.0,1348.0,2.0,7.0,1996.0,1997.0,192402.6
8.0,2.0,1664.0,1.0,6.0,1997.0,1997.0,294611.02
8.0,2.0,1280.0,2.0,5.0,1992.0,1992.0,204112.06
6.0,2.0,932.0,2.0,7.0,1998.0,1998.0,200354.0
6.0,2.0,836.0,2.0,7.0,1991.0,1991.0,180401.0
8.0,2.0,1337.0,2.0,5.0,1989.0,1989.0,195840.0
8.0,3.0,1168.0,3.0,9.0,2005.0,2005.0,323887.49
9.0,3.0,1884.0,2.0,7.0,2004.0,2004.0,322251.36
6.0,2.0,1632.0,1.0,7.0,1952.0,1952.0,190488.86
9.0,2.0,1710.0,2.0,6.0,2007.0,2007.0,295727.55
6.0,2.0,1488.0,2.0,6.0,1950.0,1950.0,196486.0
7.0,2.0,1675.0,2.0,6.0,1988.0,1988.0,239292.5
7.0,2.0,1260.0,2.0,6.0,1983.0,1983.0,200253.39
7.0,2.0,2048.0,2.0,7.0,1978.0,1978.0,235720.0
7.0,2.0,1782.0,2.0,6.0,1979.0,1979.0,248352.87
6.0,2.0,1211.0,2.0,6.0,1976.0,1976.0,179668.32
7.0,2.0,738.0,2.0,7.0,1980.0,1988.0,200204.0
5.0,2.0,720.0,1.0,7.0,1969.0,1969.0,136024.3
7.0,4.0,1420.0,2.0,8.0,1978.0,1978.0,240039.0
6.0,2.0,1444.0,2.0,5.0,1976.0,1976.0,177838.0
8.0,3.0,1236.0,2.0,9.0,1996.0,1996.0,310387.61
5.0,2.0,896.0,2.0,8.0,1974.0,1974.0,146107.0
4.0,1.0,936.0,1.0,4.0,1969.0,1969.0,122096.08
5.0,2.0,864.0,1.0,5.0,1971.0,1971.0,124388.16666666666
6.0,1.0,483.0,1.0,5.0,1973.0,1973.0,97608.0
6.0,1.0,483.0,1.0,5.0,1972.0,1972.0,93701.0
5.0,1.0,630.0,2.0,6.0,1972.0,1972.0,120696.0
6.0,2.0,855.0,2.0,7.0,1975.0,1975.0,161437.0
7.0,2.0,1055.0,2.0,4.0,1977.0,1977.0,150465.66666666663
8.0,3.0,1582.0,2.0,7.0,2007.0,2007.0,246839.66
8.0,3.0,2418.0,2.0,9.0,2007.0,2007.0,382201.92
9.0,3.0,1950.0,2.0,7.0,2007.0,2007.0,362283.62
9.0,3.0,1850.0,2.0,9.0,2006.0,2006.0,350159.52
10.0,4.0,1620.0,2.0,10.0,2005.0,2006.0,413832.85
9.0,3.0,1414.0,2.0,9.0,2005.0,2005.0,327843.68
8.0,3.0,948.0,2.0,10.0,2007.0,2007.0,305173.02
8.0,3.0,1148.0,2.0,9.0,2004.0,2004.0,275531.07
10.0,3.0,2535.0,1.0,7.0,2003.0,2003.0,409329.8
8.0,3.0,1603.0,2.0,7.0,2003.0,2004.0,259027.54
8.0,3.0,1479.0,2.0,10.0,2001.0,2002.0,306178.5
8.0,3.0,1765.0,2.0,9.0,2003.0,2003.0,283983.93
9.0,3.0,1858.0,2.0,7.0,2008.0,2008.0,356038.4
7.0,2.0,1367.0,2.0,6.0,2005.0,2005.0,195506.695
9.0,3.0,1800.0,2.0,6.0,2007.0,2008.0,318641.64
8.0,2.0,1342.0,2.0,6.0,2006.0,2007.0,228579.245
8.0,2.0,1342.0,2.0,6.0,2006.0,2007.0,228579.245
7.0,2.0,764.0,2.0,6.0,2003.0,2004.0,173799.0
7.0,3.0,1415.0,2.0,6.0,2003.0,2003.0,238395.36
7.0,3.0,1393.0,2.0,7.0,2004.0,2004.0,238324.56
7.0,2.0,1146.0,2.0,5.0,2007.0,2008.0,202094.04
6.0,2.0,789.0,2.0,8.0,2004.0,2004.0,184013.4
7.0,2.0,840.0,2.0,7.0,2002.0,2003.0,208955.0
7.0,2.0,847.0,2.0,9.0,2003.0,2003.0,233785.55
7.0,2.0,1350.0,2.0,6.0,2007.0,2008.0,202999.99
7.0,2.0,982.0,2.0,8.0,2000.0,2001.0,225162.0
7.0,2.0,707.0,2.0,6.0,2002.0,2002.0,170269.35
7.0,2.0,1037.0,2.0,8.0,1999.0,2000.0,229660.0
7.0,2.0,831.0,2.0,7.0,1999.0,1999.0,195340.0
8.0,2.0,1173.0,2.0,9.0,1997.0,1997.0,269095.22
9.0,3.0,1519.0,2.0,8.0,2000.0,2000.0,315254.44
8.0,3.0,1982.0,2.0,5.0,1998.0,1998.0,345851.52
7.0,2.0,1064.0,2.0,12.0,1996.0,1997.0,258966.95
8.0,3.0,1242.0,2.0,9.0,1995.0,1995.0,308773.61
7.0,3.0,1080.0,2.0,9.0,1993.0,1994.0,265372.89
7.0,3.0,1578.0,2.0,7.0,2006.0,2006.0,238527.43
8.0,3.0,1341.0,3.0,7.0,2007.0,2007.0,309046.81
8.0,3.0,955.0,2.0,8.0,2007.0,2008.0,262625.07
8.0,2.0,1460.0,2.0,6.0,2006.0,2007.0,261031.01
8.0,2.0,1363.0,2.0,6.0,2007.0,2008.0,242385.78
8.0,3.0,1660.0,2.0,7.0,2007.0,2007.0,294528.4
7.0,2.0,1218.0,2.0,6.0,2007.0,2008.0,200714.4
6.0,2.0,835.0,2.0,7.0,2003.0,2003.0,202112.0
7.0,2.0,835.0,2.0,8.0,2003.0,2004.0,207598.0
6.0,0.0,1175.0,1.0,6.0,2005.0,2006.0,136386.0
7.0,2.0,1162.0,2.0,6.0,2007.0,2007.0,200084.89
6.0,2.0,754.0,2.0,6.0,1995.0,1995.0,179979.0
6.0,2.0,886.0,2.0,7.0,1993.0,1994.0,191317.3333333333
7.0,2.0,832.0,2.0,6.0,1994.0,1995.0,199001.0
6.0,2.0,827.0,2.0,7.0,2001.0,2001.0,202958.0
7.0,2.0,836.0,2.0,7.0,1992.0,1992.0,195606.0
5.0,1.0,984.0,1.0,5.0,1963.0,1963.0,128413.5
5.0,1.0,864.0,1.0,5.0,1961.0,2007.0,128794.16666666669
5.0,1.0,890.0,1.0,5.0,1968.0,1968.0,107969.66666666666
5.0,1.0,864.0,1.0,5.0,1963.0,1963.0,114325.66666666669
6.0,2.0,1430.0,2.0,6.0,1974.0,1974.0,173680.5
5.0,2.0,1001.0,2.0,5.0,1972.0,1972.0,153902.46666666667
6.0,2.0,930.0,2.0,9.0,1990.0,1991.0,210191.5
9.0,2.0,1848.0,2.0,10.0,1993.0,1994.0,426293.59
7.0,2.0,1235.0,2.0,5.0,2004.0,2005.0,183274.08
6.0,2.0,600.0,2.0,5.0,2005.0,2005.0,162134.28333333333
7.0,2.0,689.0,2.0,5.0,2007.0,2007.0,154208.45
6.0,2.0,744.0,2.0,6.0,1999.0,1999.0,177933.0
9.0,2.0,1614.0,2.0,5.0,2000.0,2000.0,287637.0
9.0,2.0,1310.0,1.0,5.0,2001.0,2001.0,257452.16
9.0,2.0,1419.0,1.0,5.0,2001.0,2001.0,274050.61
9.0,2.0,1557.0,2.0,5.0,1999.0,2000.0,284147.0
7.0,2.0,672.0,2.0,5.0,1999.0,2000.0,159705.0
7.0,2.0,858.0,2.0,7.0,2001.0,2001.0,205441.0
8.0,2.0,960.0,2.0,7.0,1999.0,1999.0,231909.3
8.0,2.0,960.0,2.0,7.0,1999.0,2000.0,229674.3
10.0,2.0,970.0,2.0,7.0,1998.0,1999.0,270457.3
8.0,2.0,1230.0,1.0,4.0,1995.0,1995.0,214790.4
9.0,3.0,994.0,2.0,9.0,1977.0,1977.0,373454.77
8.0,2.0,1426.0,3.0,6.0,1976.0,2007.0,305732.6
7.0,2.0,952.0,2.0,7.0,2002.0,2002.0,213200.5
6.0,2.0,1427.0,2.0,7.0,1969.0,1969.0,196837.5
6.0,2.0,1740.0,1.0,8.0,1968.0,1968.0,186950.0
7.0,2.0,1620.0,2.0,8.0,1967.0,1967.0,261541.24
5.0,2.0,1625.0,2.0,8.0,1965.0,1965.0,157993.0
5.0,2.0,732.0,1.0,7.0,1968.0,1968.0,137330.3
5.0,2.0,912.0,1.0,5.0,1965.0,2005.0,135487.0
5.0,2.0,1728.0,2.0,10.0,1965.0,1965.0,147025.0
7.0,2.0,825.0,1.0,7.0,1971.0,1971.0,182401.0
5.0,1.0,0.0,1.0,6.0,1956.0,1956.0,110987.33333333334
5.0,2.0,1114.0,1.0,5.0,1961.0,1961.0,141838.5
5.0,1.0,1118.0,1.0,6.0,1960.0,2000.0,148275.5
4.0,1.0,348.0,1.0,5.0,1937.0,1950.0,79072.33333333333
5.0,2.0,1296.0,2.0,6.0,1960.0,1960.0,154001.32
5.0,1.0,572.0,1.0,7.0,1950.0,2006.0,124948.59
5.0,1.0,1036.0,1.0,5.0,1953.0,1953.0,125347.0
6.0,2.0,1104.0,2.0,9.0,1966.0,1999.0,233315.6
5.0,1.0,1176.0,1.0,6.0,1957.0,1957.0,145123.0
5.0,1.0,1248.0,2.0,7.0,1959.0,1998.0,155109.32
6.0,2.0,1395.0,1.0,5.0,1958.0,1958.0,134747.0
5.0,1.0,1104.0,1.0,5.0,1956.0,1958.0,127535.0
5.0,1.0,720.0,1.0,4.0,1952.0,1952.0,115302.4
5.0,2.0,1152.0,1.0,6.0,1953.0,1953.0,156411.0
5.0,2.0,984.0,1.0,5.0,1953.0,1953.0,128862.0
6.0,2.0,998.0,2.0,6.0,1957.0,1957.0,160244.0
5.0,1.0,0.0,2.0,7.0,1957.0,1982.0,125175.41
5.0,2.0,1824.0,2.0,9.0,1957.0,1957.0,134670.5
4.0,1.0,0.0,1.0,3.0,1948.0,1950.0,80838.83333333333
5.0,1.0,747.0,1.0,5.0,1925.0,1950.0,101944.87
4.0,1.0,672.0,1.0,4.0,1940.0,2005.0,107965.76
5.0,4.0,892.0,1.0,7.0,1922.0,1950.0,141159.42
5.0,2.0,912.0,1.0,5.0,1968.0,1968.0,127182.26666666666
7.0,2.0,1312.0,1.0,6.0,1958.0,2001.0,216693.11
6.0,1.0,1081.0,1.0,5.0,1960.0,1993.0,154760.5
5.0,2.0,876.0,1.0,5.0,1951.0,1951.0,126833.08
5.0,1.0,1256.0,1.0,6.0,1959.0,1959.0,144255.0
5.0,1.0,1027.0,1.0,6.0,1962.0,1962.0,135403.0
6.0,2.0,768.0,2.0,5.0,1948.0,1950.0,167602.73333333334
6.0,1.0,936.0,1.0,4.0,1954.0,1954.0,123367.0
6.0,1.0,854.0,1.0,6.0,1954.0,1954.0,130207.33333333331
5.0,0.0,1800.0,2.0,10.0,1961.0,1961.0,150422.5
5.0,2.0,768.0,1.0,6.0,1955.0,1967.0,127043.32
5.0,1.0,825.0,1.0,4.0,1954.0,1954.0,119130.0
5.0,1.0,1117.0,1.0,6.0,1963.0,1963.0,143413.5
6.0,1.0,192.0,1.0,7.0,2008.0,2008.0,120899.5
5.0,2.0,780.0,1.0,6.0,1948.0,2005.0,136593.71
5.0,1.0,680.0,1.0,6.0,1910.0,2003.0,124825.23
5.0,1.0,672.0,1.0,4.0,1940.0,1950.0,95580.0
6.0,1.0,728.0,1.0,7.0,1915.0,2005.0,151378.5
4.0,0.0,828.0,2.0,9.0,1910.0,1996.0,114764.35
4.0,2.0,801.0,2.0,8.0,1940.0,1985.0,111668.9
5.0,1.0,936.0,1.0,6.0,1920.0,1950.0,98403.5
7.0,0.0,931.0,1.0,5.0,1920.0,2006.0,186646.78
6.0,2.0,884.0,2.0,8.0,1940.0,1950.0,199541.36666666664
5.0,1.0,481.0,1.0,5.0,1910.0,1950.0,90634.87
5.0,0.0,684.0,1.0,5.0,1890.0,1996.0,103664.04
5.0,3.0,904.0,1.0,5.0,1946.0,1950.0,132009.29
2.0,1.0,407.0,1.0,3.0,1946.0,1950.0,66205.5
3.0,0.0,448.0,2.0,6.0,1949.0,1992.0,86990.22333333333
5.0,2.0,797.0,2.0,10.0,1900.0,2006.0,136977.74
7.0,1.0,624.0,1.0,7.0,1920.0,1965.0,146751.5
5.0,1.0,346.0,1.0,5.0,1900.0,2003.0,109383.5
5.0,2.0,973.0,2.0,10.0,1920.0,1960.0,140979.0
5.0,0.0,572.0,1.0,7.0,1905.0,2005.0,119634.50666666665
2.0,2.0,723.0,1.0,5.0,1920.0,1950.0,100388.42
7.0,2.0,1313.0,2.0,10.0,1890.0,1999.0,253695.45
5.0,1.0,984.0,1.0,5.0,1959.0,1959.0,124242.5
4.0,1.0,869.0,1.0,5.0,1958.0,2006.0,122554.32
5.0,1.0,1008.0,1.0,5.0,1928.0,1983.0,125512.84
7.0,1.0,672.0,1.0,8.0,1945.0,1950.0,162833.75
5.0,1.0,1024.0,2.0,6.0,1935.0,1950.0,122117.75
5.0,1.0,672.0,1.0,6.0,1941.0,2006.0,126002.95
6.0,1.0,554.0,1.0,6.0,1900.0,2000.0,118601.58666666668
6.0,1.0,981.0,1.0,6.0,1940.0,1989.0,145144.5
5.0,2.0,949.0,1.0,5.0,1924.0,2003.0,122468.02
6.0,1.0,825.0,2.0,5.0,1937.0,2000.0,142871.0
6.0,1.0,739.0,2.0,7.0,1939.0,1950.0,141994.5
6.0,1.0,992.0,1.0,6.0,1926.0,1950.0,113130.5
5.0,1.0,565.0,1.0,6.0,1920.0,1997.0,116813.83333333331
4.0,1.0,1046.1179698216736,1.0,4.0,1946.0,1950.0,125445.91
4.0,1.0,704.0,1.0,6.0,1929.0,1950.0,121235.0
5.0,1.0,0.0,1.0,6.0,1945.0,1995.0,112849.5
7.0,2.0,989.0,2.0,7.0,1939.0,1950.0,199202.0
5.0,2.0,1100.0,2.0,7.0,1923.0,1950.0,136966.5
6.0,2.0,810.0,2.0,8.0,1915.0,2004.0,204194.1
6.0,1.0,1242.0,2.0,8.0,1910.0,1983.0,152687.04
6.0,1.0,796.0,1.0,7.0,1910.0,1950.0,127295.61
6.0,2.0,768.0,1.0,4.0,1930.0,1950.0,115430.0
6.0,1.0,768.0,1.0,7.0,1952.0,1952.0,152284.0
6.0,2.0,1272.0,2.0,9.0,1938.0,1958.0,215948.0
5.0,2.0,880.0,2.0,6.0,1915.0,1978.0,146153.11
6.0,2.0,1040.0,1.0,5.0,1925.0,1992.0,127469.5
6.0,1.0,768.0,2.0,6.0,1925.0,1950.0,124591.5
5.0,2.0,451.0,1.0,5.0,1912.0,1991.0,119339.0
3.0,0.0,536.0,2.0,8.0,1915.0,1950.0,75173.0
5.0,1.0,1046.0,1.0,6.0,1947.0,1993.0,139837.59
5.0,2.0,981.0,1.0,6.0,1963.0,1963.0,132698.5
6.0,2.0,1008.0,1.0,6.0,1978.0,1978.0,150492.5
5.0,1.0,992.0,1.0,6.0,1967.0,2005.0,140425.5
6.0,2.0,450.0,1.0,6.0,1978.0,1978.0,132697.0
5.0,1.0,1073.0,1.0,6.0,1967.0,1967.0,144182.25
5.0,2.0,1060.0,1.0,5.0,1984.0,1984.0,145899.6
5.0,2.0,1300.0,1.0,6.0,1920.0,1950.0,143616.5
5.0,1.0,960.0,1.0,6.0,1963.0,2003.0,135577.5
6.0,2.0,988.0,1.0,4.0,1956.0,1956.0,134919.1666666667
5.0,2.0,988.0,2.0,7.0,1960.0,1960.0,154108.24666666667
5.0,3.0,576.0,1.0,6.0,1941.0,1973.0,122674.37666666666
5.0,3.0,864.0,1.0,5.0,1970.0,1970.0,126253.5
7.0,2.0,1524.0,2.0,7.0,1979.0,1979.0,241655.0
7.0,1.0,570.0,1.0,5.0,1948.0,1950.0,141238.0
5.0,0.0,1580.0,1.0,5.0,1940.0,2007.0,176041.0
5.0,1.0,1509.0,1.0,6.0,1956.0,1956.0,159627.0
5.0,0.0,864.0,1.0,4.0,1975.0,1975.0,111916.66666666669
6.0,1.0,621.0,1.0,7.0,1962.0,2001.0,144065.67333333334
6.0,2.0,1077.0,2.0,9.0,1995.0,2002.0,222304.25
7.0,2.0,1602.0,2.0,7.0,1994.0,1994.0,237331.0
7.0,2.0,812.0,2.0,9.0,1993.0,1994.0,223258.25
7.0,2.0,672.0,2.0,8.0,1996.0,1996.0,174168.5
7.0,2.0,628.0,2.0,6.0,2007.0,2007.0,165012.22
8.0,3.0,1615.0,2.0,7.0,2007.0,2007.0,269891.25
9.0,3.0,2271.0,2.0,7.0,2008.0,2008.0,439746.81
9.0,3.0,1751.0,2.0,8.0,2008.0,2008.0,354470.1
8.0,3.0,1401.0,2.0,6.0,1995.0,1995.0,289800.21
6.0,2.0,1182.0,2.0,6.0,1966.0,1966.0,172033.3
5.0,2.0,990.0,1.0,5.0,1994.0,1994.0,142162.33333333334
7.0,2.0,1418.0,2.0,5.0,1997.0,1998.0,200611.1
6.0,2.0,864.0,2.0,6.0,1997.0,1997.0,185045.0
7.0,2.0,782.0,2.0,6.0,2000.0,2000.0,191210.0
7.0,2.0,928.0,2.0,6.0,2000.0,2001.0,213463.5
5.0,2.0,864.0,1.0,5.0,1978.0,1978.0,134962.0
5.0,2.0,1076.0,1.0,5.0,1975.0,1975.0,143588.0
5.0,2.0,864.0,2.0,5.0,1975.0,2001.0,152205.46666666667
7.0,2.0,1257.0,2.0,8.0,2001.0,2001.0,228896.9
9.0,3.0,1357.0,2.0,7.0,2001.0,2002.0,295143.23
8.0,3.0,1778.0,2.0,6.0,2002.0,2003.0,247597.71
7.0,2.0,1129.0,2.0,9.0,2003.0,2003.0,261898.36
8.0,2.0,850.0,2.0,7.0,1999.0,2000.0,220705.0
6.0,2.0,848.0,1.0,3.0,2004.0,2004.0,147355.30133477633
6.0,3.0,1838.0,2.0,8.0,1997.0,1998.0,206544.88
7.0,2.0,1445.0,2.0,6.0,2004.0,2004.0,192716.02
7.0,3.0,1564.0,2.0,6.0,2007.0,2007.0,234151.95
7.0,2.0,1351.0,2.0,6.0,2007.0,2007.0,197661.92
5.0,1.0,1092.0,1.0,6.0,1966.0,1966.0,141791.0
5.0,2.0,456.0,1.0,6.0,1976.0,1976.0,128646.64
6.0,2.0,1127.0,1.0,6.0,1976.0,1976.0,161872.0
6.0,2.0,1029.0,1.0,6.0,1977.0,1977.0,152121.5
6.0,2.0,684.0,1.0,6.0,1976.0,2001.0,150710.75
5.0,2.0,0.0,3.0,11.0,1959.0,1996.0,155387.79
4.0,0.0,0.0,2.0,6.0,1955.0,1955.0,84462.0
4.0,0.0,0.0,2.0,6.0,1955.0,1955.0,84462.0
4.0,0.0,784.0,1.0,4.0,1955.0,1955.0,100758.5
5.0,0.0,585.0,1.0,5.0,1938.0,2007.0,111316.34
5.0,0.0,0.0,1.0,8.0,1947.0,1993.0,111648.14
4.0,1.0,911.0,1.0,5.0,1953.0,1953.0,116113.52
4.0,1.0,416.0,1.0,6.0,1954.0,1954.0,88060.83333333334
4.0,1.0,949.0,1.0,6.0,1923.0,2008.0,118998.6
7.0,1.0,1228.0,2.0,7.0,1921.0,1950.0,191667.08
6.0,2.0,960.0,2.0,10.0,1930.0,1950.0,218013.1
6.0,1.0,644.0,1.0,6.0,1926.0,1950.0,117440.54
6.0,2.0,676.0,1.0,6.0,1914.0,1995.0,129231.03
8.0,1.0,798.0,2.0,7.0,1925.0,1997.0,205298.0
6.0,2.0,784.0,1.0,7.0,1923.0,1950.0,137864.0
5.0,1.0,942.0,2.0,7.0,1937.0,1995.0,140418.7
5.0,1.0,884.0,1.0,6.0,1938.0,1950.0,123779.84
6.0,1.0,1091.0,1.0,5.0,1951.0,1951.0,131709.25
8.0,2.0,608.0,1.0,9.0,1935.0,1950.0,183695.34666666668
7.0,2.0,832.0,2.0,8.0,1950.0,2000.0,212028.99
5.0,2.0,1898.0,2.0,7.0,1956.0,1956.0,154341.82
6.0,2.0,516.0,1.0,5.0,1980.0,1980.0,124962.0
6.0,1.0,894.0,1.0,5.0,1926.0,1998.0,117145.79
6.0,1.0,720.0,1.0,5.0,1940.0,2006.0,128611.34
5.0,0.0,780.0,1.0,7.0,1930.0,1950.0,112754.0
5.0,1.0,624.0,1.0,7.0,1967.0,1967.0,120322.33333333334
5.0,1.0,520.0,1.0,5.0,1930.0,1995.0,103434.50666666668
5.0,1.0,1151.0,2.0,7.0,1958.0,1958.0,132089.32
1.0,2.0,0.0,1.0,4.0,1952.0,1952.0,94857.66666666669
4.0,1.0,173.0,1.0,6.0,1895.0,1950.0,77456.0
4.0,1.0,356.0,1.0,5.0,1910.0,2000.0,81681.25333333333
4.0,1.0,592.0,1.0,5.0,1920.0,1950.0,84205.83333333331
8.0,2.0,1596.0,2.0,5.0,2007.0,2008.0,314351.0
7.0,2.0,1594.0,2.0,5.0,2004.0,2005.0,238724.37
7.0,3.0,1840.0,3.0,7.0,1996.0,1997.0,256230.19
7.0,3.0,910.0,2.0,8.0,1996.0,1997.0,239253.39
5.0,2.0,0.0,2.0,8.0,1976.0,1976.0,128313.13
4.0,2.0,1680.0,2.0,6.0,1991.0,1991.0,180752.4
7.0,2.0,1277.0,2.0,6.0,1986.0,1986.0,215037.38
8.0,3.0,1518.0,2.0,8.0,2006.0,2007.0,271425.44
8.0,2.0,920.0,2.0,6.0,2007.0,2007.0,217150.01
5.0,2.0,352.0,2.0,6.0,2006.0,2007.0,156947.84
7.0,3.0,796.0,2.0,6.0,2008.0,2008.0,211655.84
6.0,2.0,1495.0,2.0,8.0,1989.0,1989.0,204303.5
6.0,2.0,1256.0,2.0,6.0,1986.0,1986.0,181995.32
8.0,2.0,1432.0,2.0,7.0,2003.0,2003.0,294134.22
6.0,2.0,1666.0,2.0,6.0,1999.0,2000.0,198134.82
8.0,2.0,1884.0,2.0,7.0,2007.0,2007.0,295209.32
8.0,3.0,1964.0,2.0,7.0,2005.0,2006.0,371192.44
7.0,4.0,1344.0,2.0,8.0,1997.0,1998.0,231982.19
5.0,0.0,1092.0,1.0,5.0,2007.0,2008.0,112342.75
6.0,2.0,1189.0,2.0,4.0,1997.0,1997.0,166435.1666666667
4.0,3.0,1200.0,1.0,6.0,1964.0,1964.0,151221.62
5.0,2.0,1040.0,1.0,6.0,1975.0,1975.0,136494.0
5.0,1.0,550.0,2.0,6.0,1976.0,1976.0,118115.0
4.0,1.0,526.0,1.0,5.0,1973.0,2006.0,93194.83333333331
4.0,1.0,462.0,1.0,4.0,1973.0,1973.0,81641.20238095238
5.0,1.0,1113.0,1.0,6.0,1968.0,1968.0,143126.5
6.0,0.0,546.0,2.0,6.0,1970.0,2007.0,141762.42
5.0,1.0,816.0,1.0,4.0,1983.0,1983.0,126315.5
5.0,1.0,845.0,1.0,6.0,1982.0,2005.0,133854.84666666668
5.0,2.0,864.0,1.0,6.0,1984.0,1984.0,134283.64
5.0,1.0,686.0,2.0,7.0,1900.0,1950.0,120191.85
6.0,2.0,1587.0,2.0,7.0,1971.0,1971.0,206144.0
6.0,2.0,384.0,2.0,7.0,1997.0,1997.0,182584.68
6.0,2.0,392.0,2.0,7.0,1994.0,1994.0,178045.68
6.0,2.0,923.0,2.0,7.0,1999.0,2000.0,194859.0
7.0,2.0,691.0,2.0,6.0,1996.0,1996.0,178241.0
6.0,2.0,938.0,3.0,7.0,1999.0,2003.0,197054.0
7.0,2.0,1168.0,2.0,6.0,1992.0,1993.0,197045.3
6.0,2.0,903.0,2.0,7.0,1993.0,1994.0,190984.1133333333
6.0,2.0,1302.0,1.0,6.0,1964.0,1964.0,152581.0
8.0,2.0,1166.0,2.0,5.0,1988.0,1988.0,191387.0
8.0,2.0,1312.0,1.0,4.0,1990.0,1990.0,210333.42
8.0,3.0,1149.0,3.0,10.0,2005.0,2005.0,344994.19
9.0,3.0,2660.0,2.0,8.0,2006.0,2007.0,421326.99
5.0,3.0,1100.0,1.0,7.0,1969.0,1990.0,156050.33333333334
9.0,2.0,1612.0,2.0,6.0,2006.0,2006.0,295685.0
8.0,2.0,2220.0,1.0,7.0,2006.0,2006.0,304654.72
10.0,3.0,1742.0,2.0,8.0,2006.0,2007.0,361837.38
6.0,2.0,1284.0,2.0,5.0,1984.0,1984.0,168710.5
7.0,2.0,725.0,2.0,6.0,1981.0,2003.0,177291.0
7.0,2.0,1529.0,2.0,7.0,1978.0,1985.0,246971.0
7.0,2.0,780.0,2.0,9.0,1979.0,1979.0,218449.25
6.0,2.0,1153.0,2.0,6.0,1984.0,1984.0,165475.0
6.0,2.0,1259.0,2.0,5.0,1979.0,1999.0,176044.32
6.0,2.0,1625.0,2.0,6.0,1971.0,1971.0,201728.5
7.0,2.0,1228.0,2.0,5.0,1976.0,1976.0,154364.0
6.0,2.0,1084.0,2.0,8.0,1974.0,1974.0,190835.9
5.0,2.0,925.0,1.0,7.0,1970.0,1990.0,142089.5
5.0,1.0,914.0,1.0,5.0,1970.0,2002.0,129905.0
4.0,1.0,914.0,1.0,4.0,1961.0,1961.0,116572.46
6.0,2.0,1337.0,2.0,5.0,2001.0,2001.0,180551.24
6.0,2.0,1405.0,2.0,5.0,1997.0,1998.0,180389.82
6.0,1.0,525.0,1.0,6.0,1973.0,1973.0,101551.66666666669
6.0,1.0,672.0,1.0,7.0,1973.0,1973.0,127294.04
7.0,1.0,1061.0,2.0,4.0,1978.0,1978.0,151982.3333333333
5.0,1.0,988.0,1.0,5.0,1966.0,1966.0,129097.66666666666
9.0,3.0,1790.0,2.0,7.0,2006.0,2007.0,287007.83
8.0,3.0,1694.0,2.0,7.0,2006.0,2007.0,271279.28
8.0,3.0,2108.0,2.0,7.0,2007.0,2007.0,385367.71
9.0,3.0,1934.0,2.0,8.0,2007.0,2007.0,354675.74
8.0,3.0,1108.0,2.0,11.0,2006.0,2007.0,333720.65
10.0,3.0,1994.0,2.0,7.0,2005.0,2006.0,418233.94
9.0,3.0,2552.0,2.0,8.0,2007.0,2007.0,430056.8
9.0,3.0,1704.0,2.0,9.0,2005.0,2006.0,340031.28
10.0,3.0,2320.0,2.0,7.0,2007.0,2007.0,432756.98
8.0,2.0,1582.0,2.0,7.0,2007.0,2008.0,275982.9
8.0,3.0,918.0,2.0,8.0,2007.0,2007.0,258357.37
9.0,3.0,1802.0,2.0,7.0,2006.0,2006.0,285914.28
8.0,3.0,1706.0,2.0,11.0,2004.0,2004.0,377904.71
8.0,3.0,1317.0,2.0,7.0,2003.0,2003.0,270170.95
8.0,3.0,895.0,2.0,8.0,2007.0,2007.0,259596.24
7.0,3.0,1614.0,2.0,7.0,2005.0,2006.0,238100.15
8.0,2.0,1721.0,2.0,7.0,2005.0,2005.0,274145.15
8.0,3.0,1298.0,2.0,7.0,2006.0,2007.0,270202.55
6.0,2.0,1302.0,1.0,5.0,2005.0,2006.0,178837.0
6.0,2.0,1302.0,1.0,5.0,2005.0,2006.0,178837.0
6.0,2.0,1362.0,2.0,6.0,2005.0,2006.0,192673.88
8.0,2.0,1554.0,2.0,6.0,2006.0,2006.0,260749.0
9.0,2.0,1577.0,2.0,6.0,2005.0,2005.0,282943.0
8.0,2.0,1324.0,2.0,6.0,2006.0,2006.0,239175.565
7.0,2.0,1405.0,2.0,6.0,2003.0,2003.0,178079.8
6.0,2.0,768.0,3.0,7.0,2007.0,2007.0,178114.13
6.0,2.0,768.0,2.0,6.0,2005.0,2006.0,174385.1
7.0,2.0,608.0,2.0,6.0,2006.0,2007.0,166978.84666666665
6.0,2.0,738.0,2.0,7.0,2006.0,2006.0,169439.25
6.0,3.0,698.0,2.0,6.0,2006.0,2007.0,173956.47
6.0,2.0,1326.0,2.0,6.0,2005.0,2005.0,188761.8
6.0,2.0,752.0,2.0,6.0,2007.0,2007.0,174401.33
7.0,2.0,728.0,2.0,7.0,2007.0,2007.0,186356.65
7.0,2.0,1246.0,2.0,6.0,2007.0,2007.0,193150.19
8.0,3.0,1406.0,2.0,7.0,2003.0,2003.0,269244.89
7.0,2.0,1266.0,2.0,6.0,2007.0,2007.0,194143.44
7.0,2.0,835.0,2.0,5.0,2004.0,2005.0,191141.75
7.0,2.0,384.0,2.0,8.0,2004.0,2004.0,169210.38333333336
7.0,2.0,1510.0,2.0,6.0,2006.0,2006.0,216618.73
7.0,2.0,384.0,2.0,7.0,2003.0,2003.0,172006.97333333336
7.0,2.0,847.0,2.0,8.0,2003.0,2003.0,216079.0
7.0,2.0,854.0,2.0,8.0,2002.0,2002.0,211832.0
6.0,2.0,915.0,2.0,7.0,2000.0,2000.0,194168.0
6.0,2.0,941.0,2.0,7.0,1999.0,2000.0,190579.0
8.0,3.0,1779.0,2.0,8.0,1997.0,1998.0,307092.37
9.0,3.0,1408.0,2.0,9.0,1998.0,1998.0,325068.84
8.0,3.0,1389.0,2.0,9.0,1998.0,1999.0,316119.29
7.0,3.0,1066.0,2.0,8.0,1998.0,1998.0,260167.89
8.0,2.0,1105.0,2.0,9.0,1992.0,1993.0,266017.67
8.0,3.0,1325.0,2.0,8.0,1996.0,1997.0,319780.0
7.0,2.0,1369.0,2.0,5.0,2007.0,2007.0,195506.97785714283
8.0,3.0,1542.0,2.0,6.0,2007.0,2007.0,257959.0
8.0,2.0,1524.0,2.0,7.0,2006.0,2006.0,260715.52
10.0,3.0,1966.0,2.0,6.0,2007.0,2007.0,393502.3
7.0,2.0,1528.0,3.0,6.0,2007.0,2007.0,239903.36
8.0,2.0,1538.0,2.0,7.0,2005.0,2005.0,262219.13
7.0,2.0,1494.0,2.0,7.0,2005.0,2006.0,219049.64
7.0,3.0,982.0,2.0,7.0,2006.0,2006.0,221561.19
8.0,3.0,1302.0,2.0,7.0,2006.0,2006.0,265476.03
8.0,2.0,1338.0,2.0,6.0,2007.0,2007.0,237193.01
7.0,2.0,1335.0,2.0,6.0,2006.0,2007.0,193139.75916666666
8.0,2.0,896.0,2.0,8.0,2007.0,2007.0,225328.91
5.0,2.0,725.0,3.0,8.0,2007.0,2007.0,173194.34
8.0,3.0,955.0,2.0,8.0,2007.0,2007.0,261363.86
8.0,2.0,1574.0,2.0,6.0,2007.0,2007.0,265079.18
8.0,3.0,1685.0,2.0,5.0,2006.0,2006.0,270425.47
6.0,3.0,1158.0,2.0,9.0,2004.0,2004.0,214349.42
6.0,0.0,1100.0,1.0,6.0,2006.0,2007.0,129813.0
7.0,0.0,1143.0,1.0,5.0,2006.0,2006.0,200694.58
5.0,2.0,1094.0,1.0,6.0,2003.0,2004.0,153898.4
7.0,2.0,1461.0,2.0,7.0,2006.0,2006.0,212201.69
6.0,2.0,864.0,2.0,7.0,1993.0,1997.0,195459.0
6.0,1.0,630.0,1.0,5.0,1980.0,1980.0,118813.66666666669
5.0,1.0,894.0,1.0,5.0,1977.0,1977.0,128250.0
5.0,2.0,1040.0,1.0,5.0,1968.0,1968.0,141986.0
7.0,2.0,1223.0,2.0,7.0,1990.0,1990.0,227035.0
5.0,2.0,1037.0,1.0,5.0,1974.0,1974.0,138070.5
6.0,2.0,1044.0,1.0,5.0,1973.0,2006.0,171241.0
8.0,2.0,1378.0,2.0,6.0,2004.0,2004.0,222935.8
8.0,2.0,1141.0,2.0,5.0,2006.0,2007.0,208361.56
8.0,2.0,1511.0,2.0,5.0,2006.0,2007.0,261291.88
7.0,2.0,1352.0,2.0,5.0,2006.0,2007.0,202195.5175
8.0,2.0,1550.0,2.0,5.0,2006.0,2007.0,257589.0
6.0,2.0,744.0,2.0,6.0,1999.0,1999.0,177933.0
6.0,2.0,756.0,2.0,4.0,2000.0,2000.0,173063.8266666667
7.0,2.0,1339.0,2.0,5.0,1999.0,2000.0,193054.52
8.0,2.0,1054.0,2.0,8.0,2003.0,2004.0,249728.4
8.0,2.0,1220.0,2.0,8.0,1998.0,1998.0,251672.6
8.0,2.0,1494.0,1.0,5.0,1994.0,1995.0,277463.86
7.0,2.0,2002.0,2.0,8.0,1980.0,1980.0,242896.37
8.0,2.0,2461.0,2.0,7.0,1981.0,1981.0,281996.0
6.0,2.0,912.0,1.0,7.0,1968.0,1968.0,159766.5
6.0,2.0,1008.0,2.0,8.0,1970.0,1970.0,202656.1
6.0,2.0,973.0,1.0,6.0,1969.0,1969.0,150175.0
6.0,2.0,1295.0,1.0,6.0,1968.0,1968.0,155799.59
7.0,2.0,1124.0,2.0,8.0,1972.0,1987.0,229064.2
7.0,2.0,1594.0,2.0,6.0,1993.0,1993.0,230019.5
7.0,2.0,1148.0,2.0,8.0,1993.0,1993.0,241830.0
6.0,2.0,1093.0,2.0,6.0,1966.0,1966.0,167750.3
6.0,1.0,1052.0,1.0,6.0,1963.0,1963.0,140891.0
5.0,1.0,949.0,1.0,5.0,1967.0,1993.0,130528.1
4.0,3.0,0.0,2.0,8.0,1964.0,1964.0,125204.44
5.0,2.0,894.0,1.0,6.0,1956.0,1956.0,126124.46
5.0,2.0,864.0,1.0,6.0,1961.0,1961.0,122958.29333333333
5.0,2.0,964.0,1.0,5.0,1961.0,1961.0,128214.56
5.0,1.0,894.0,1.0,5.0,1960.0,1960.0,112562.73333333334
7.0,2.0,1174.0,2.0,6.0,1966.0,1966.0,173250.0
6.0,2.0,1042.0,2.0,5.0,1965.0,1965.0,156087.28333333333
6.0,2.0,845.0,2.0,8.0,1964.0,1997.0,207627.3
6.0,1.0,1130.0,1.0,7.0,1964.0,1964.0,156078.5
6.0,2.0,1592.0,1.0,6.0,1959.0,1991.0,200839.86
5.0,2.0,822.0,1.0,4.0,1940.0,1996.0,124829.42
3.0,0.0,666.0,1.0,4.0,1946.0,1950.0,81743.0
3.0,0.0,370.0,1.0,4.0,1945.0,1950.0,65611.0
5.0,1.0,808.0,1.0,5.0,1958.0,2000.0,126036.5
5.0,1.0,1078.0,1.0,6.0,1955.0,1955.0,134466.5
5.0,3.0,1560.0,2.0,8.0,1968.0,1968.0,143075.0
5.0,2.0,793.0,2.0,6.0,1966.0,1966.0,144587.7
6.0,2.0,1218.0,1.0,6.0,1961.0,1961.0,161390.5
6.0,1.0,936.0,1.0,4.0,1957.0,1999.0,140612.0
5.0,1.0,1008.0,1.0,6.0,1956.0,1956.0,129496.0
5.0,2.0,1053.0,1.0,6.0,1963.0,1963.0,141446.5
5.0,1.0,1144.0,1.0,6.0,1960.0,1960.0,141224.0
6.0,2.0,1331.0,1.0,8.0,1957.0,1969.0,165301.5
5.0,1.0,922.0,1.0,5.0,1957.0,1957.0,117404.66
5.0,1.0,1204.0,1.0,7.0,1955.0,1975.0,146703.0
5.0,1.0,1216.0,1.0,5.0,1955.0,1955.0,142480.0
5.0,1.0,864.0,1.0,6.0,1953.0,2006.0,133186.68
5.0,2.0,1560.0,2.0,8.0,1958.0,1958.0,133787.5
6.0,2.0,948.0,1.0,5.0,1952.0,1952.0,136960.0
6.0,1.0,1040.0,1.0,6.0,1953.0,1953.0,131344.0
5.0,1.0,925.0,1.0,5.0,1956.0,2003.0,129185.5
4.0,1.0,1190.0,1.0,7.0,1955.0,1955.0,143560.93
5.0,1.0,923.0,1.0,5.0,1955.0,1955.0,117868.16
4.0,1.0,1105.0,1.0,6.0,1953.0,1953.0,136573.25
5.0,1.0,924.0,1.0,6.0,1952.0,1952.0,129699.08
4.0,0.0,925.0,2.0,7.0,1890.0,2006.0,109259.25
5.0,1.0,1216.0,1.0,7.0,1953.0,2004.0,150175.25
5.0,3.0,666.0,3.0,9.0,1935.0,2007.0,158849.14
4.0,2.0,1151.0,2.0,6.0,1925.0,1993.0,135877.0
5.0,0.0,736.0,1.0,6.0,1895.0,1999.0,119418.83
7.0,1.0,725.0,2.0,6.0,1963.0,1999.0,171237.0
5.0,1.0,920.0,1.0,5.0,1961.0,1961.0,120650.0
6.0,1.0,952.0,1.0,5.0,1968.0,1968.0,129940.5
5.0,1.0,864.0,1.0,6.0,1950.0,1950.0,132247.0
5.0,1.0,1040.0,1.0,6.0,1959.0,2003.0,138783.0
5.0,1.0,1170.0,1.0,6.0,1958.0,1958.0,139752.0
5.0,1.0,1242.0,1.0,6.0,1960.0,1960.0,147887.0
5.0,1.0,1377.0,1.0,6.0,1960.0,1960.0,152889.5
5.0,1.0,0.0,1.0,7.0,1961.0,1961.0,110716.0
5.0,1.0,864.0,1.0,5.0,1962.0,1962.0,115264.66666666669
5.0,1.0,896.0,1.0,6.0,1962.0,1962.0,124914.08
5.0,2.0,850.0,1.0,5.0,1926.0,1980.0,125148.92
6.0,2.0,845.0,1.0,6.0,1927.0,1950.0,130965.0
5.0,1.0,1022.0,1.0,4.0,1922.0,1950.0,111290.25
5.0,1.0,967.0,1.0,5.0,1920.0,1990.0,117242.63
5.0,2.0,808.0,1.0,5.0,1940.0,1950.0,119820.71
5.0,2.0,680.0,1.0,6.0,1900.0,2006.0,127233.54
4.0,1.0,570.0,1.0,6.0,1900.0,1950.0,79969.16666666667
4.0,2.0,1075.0,2.0,7.0,1900.0,1950.0,107539.71
8.0,2.0,725.0,2.0,7.0,1910.0,1999.0,172816.0
6.0,1.0,728.0,1.0,9.0,1927.0,1950.0,150150.13
5.0,2.0,616.0,1.0,6.0,1910.0,1950.0,113822.87
6.0,2.0,926.0,2.0,6.0,1910.0,1990.0,183828.56666666665
5.0,1.0,687.0,1.0,6.0,1930.0,2005.0,133651.69
7.0,2.0,819.0,2.0,8.0,1879.0,1987.0,183945.5
4.0,1.0,0.0,1.0,5.0,1956.0,1956.0,87496.66666666669
4.0,1.0,0.0,2.0,6.0,1949.0,2002.0,92872.83333333331
5.0,1.0,756.0,1.0,6.0,1925.0,1994.0,128566.86
5.0,1.0,910.0,1.0,6.0,1950.0,1950.0,143814.08
5.0,1.0,728.0,2.0,6.0,1939.0,1998.0,142425.34
6.0,1.0,600.0,1.0,6.0,1939.0,1950.0,125035.37333333334
5.0,1.0,884.0,1.0,5.0,1939.0,1950.0,114846.5
6.0,2.0,861.0,1.0,6.0,1938.0,1950.0,137381.0
5.0,1.0,672.0,1.0,7.0,1939.0,1952.0,121977.0
5.0,1.0,966.0,1.0,6.0,1930.0,1992.0,125291.61
5.0,2.0,756.0,1.0,6.0,1926.0,1950.0,122147.71
6.0,1.0,1100.0,2.0,8.0,1918.0,1995.0,171799.65
6.0,2.0,768.0,1.0,7.0,1920.0,1950.0,131976.0
5.0,2.0,750.0,1.0,7.0,1926.0,1950.0,131302.42
7.0,2.0,672.0,1.0,6.0,1929.0,1990.0,153504.0
5.0,1.0,592.0,2.0,7.0,1901.0,1950.0,111449.61
5.0,1.0,969.0,1.0,6.0,1901.0,1950.0,95836.61
6.0,2.0,741.0,3.0,9.0,1963.0,1963.0,215574.2
7.0,1.0,976.0,1.0,8.0,1950.0,2005.0,223550.83
6.0,2.0,1138.0,1.0,7.0,1915.0,1950.0,141846.75
4.0,2.0,808.0,2.0,5.0,1958.0,1958.0,121721.04000000002
4.0,1.0,771.0,2.0,6.0,1910.0,1950.0,103854.74
7.0,2.0,1005.0,1.0,7.0,1937.0,1980.0,203413.79
5.0,1.0,672.0,1.0,4.0,1942.0,1979.0,112955.0
5.0,1.0,925.0,1.0,6.0,1963.0,1963.0,132356.0
5.0,2.0,1420.0,1.0,6.0,1964.0,1980.0,166500.0
4.0,2.0,1005.0,1.0,5.0,1964.0,1964.0,130426.04333333332
5.0,2.0,980.0,2.0,5.0,1964.0,2001.0,154792.2666666667
5.0,1.0,1040.0,1.0,6.0,1966.0,1966.0,131201.5
5.0,2.0,768.0,1.0,6.0,1971.0,1990.0,133554.6
5.0,1.0,876.0,1.0,5.0,1968.0,1968.0,113504.5
5.0,2.0,943.0,1.0,5.0,1967.0,1967.0,129458.9
5.0,1.0,912.0,1.0,6.0,1966.0,1966.0,120290.5
5.0,1.0,1240.0,1.0,6.0,1956.0,1998.0,153763.0
5.0,2.0,671.0,3.0,11.0,1920.0,1996.0,164463.06
7.0,1.0,680.0,1.0,6.0,1940.0,1998.0,156726.0
6.0,2.0,967.0,1.0,6.0,1954.0,1995.0,156690.5
5.0,1.0,1158.0,1.0,6.0,1958.0,1998.0,150374.0
4.0,2.0,0.0,1.0,5.0,1945.0,1950.0,95547.71
6.0,2.0,1190.0,2.0,7.0,1984.0,1984.0,175221.3333333333
5.0,2.0,409.0,2.0,6.0,1948.0,2005.0,143571.04
5.0,2.0,1073.0,2.0,6.0,1953.0,1953.0,136721.0
4.0,1.0,484.0,1.0,4.0,1946.0,1950.0,78723.16666666666
6.0,2.0,1288.0,3.0,6.0,1954.0,1994.0,198308.82
6.0,1.0,988.0,1.0,6.0,1954.0,1954.0,129772.83333333331
5.0,1.0,864.0,1.0,6.0,1958.0,1958.0,124664.57333333333
4.0,1.0,0.0,1.0,5.0,1958.0,1994.0,92555.16666666666
5.0,1.0,1038.0,2.0,5.0,1984.0,1984.0,148864.05
5.0,1.0,1342.0,1.0,7.0,1951.0,1951.0,149287.0
5.0,1.0,1080.0,1.0,7.0,1951.0,1994.0,145476.5
4.0,1.0,951.0,2.0,7.0,1920.0,1950.0,107169.71
6.0,2.0,1105.0,2.0,7.0,1984.0,1984.0,170671.91666666663
7.0,2.0,779.0,2.0,7.0,1994.0,2001.0,195835.0
8.0,3.0,1643.0,2.0,7.0,2007.0,2007.0,289742.06
8.0,3.0,2140.0,2.0,8.0,2006.0,2007.0,376777.48
8.0,3.0,1643.0,2.0,7.0,2007.0,2007.0,289742.06
7.0,3.0,1546.0,2.0,7.0,2005.0,2006.0,242824.3
8.0,2.0,1489.0,2.0,7.0,2006.0,2006.0,260437.62
7.0,2.0,1270.0,2.0,6.0,2005.0,2006.0,192573.9825
7.0,2.0,879.0,2.0,7.0,2005.0,2006.0,219457.41333333336
7.0,2.0,929.0,2.0,7.0,1988.0,1988.0,217742.0
8.0,2.0,966.0,0.0,5.0,1976.0,1976.0,183373.0
5.0,2.0,1022.0,1.0,6.0,1994.0,1994.0,149024.73333333334
6.0,2.0,635.0,2.0,6.0,1997.0,2006.0,170404.52
5.0,1.0,990.0,1.0,5.0,1994.0,1994.0,132110.3333333333
5.0,1.0,1097.0,1.0,6.0,1996.0,1996.0,146747.5
7.0,2.0,988.0,2.0,7.0,1999.0,1999.0,200900.0
7.0,2.0,853.0,2.0,7.0,1998.0,1999.0,197875.0
7.0,2.0,845.0,2.0,7.0,2001.0,2001.0,209443.0
7.0,2.0,985.0,2.0,7.0,2000.0,2000.0,201762.0
5.0,2.0,864.0,1.0,5.0,1974.0,1974.0,133830.0
5.0,2.0,1015.0,2.0,6.0,1976.0,1976.0,162758.8
5.0,2.0,995.0,2.0,6.0,1977.0,1977.0,157646.53333333333
5.0,2.0,1040.0,1.0,5.0,1977.0,1977.0,142870.5
5.0,1.0,876.0,1.0,5.0,1977.0,1977.0,128866.33333333334
5.0,2.0,864.0,1.0,5.0,1975.0,1975.0,133008.0
5.0,2.0,864.0,1.0,5.0,1972.0,2000.0,132902.6
4.0,2.0,385.0,1.0,5.0,1972.0,2006.0,110995.5
7.0,2.0,1673.0,2.0,7.0,2000.0,2000.0,226625.5
7.0,2.0,979.0,2.0,7.0,2003.0,2003.0,192924.0
7.0,2.0,860.0,2.0,7.0,2002.0,2002.0,203772.0
8.0,2.0,1556.0,2.0,7.0,1994.0,1995.0,281179.0
8.0,2.0,1531.0,2.0,7.0,2001.0,2001.0,260119.0
7.0,2.0,860.0,2.0,7.0,1996.0,2002.0,202728.0
8.0,2.0,1341.0,1.0,5.0,1999.0,2000.0,223313.76
7.0,2.0,738.0,2.0,7.0,2007.0,2007.0,189133.4
7.0,2.0,1169.0,2.0,5.0,2005.0,2005.0,187996.29333333336
6.0,2.0,1330.0,2.0,6.0,2006.0,2007.0,185377.2
7.0,2.0,738.0,2.0,7.0,2006.0,2006.0,181264.91666666663
5.0,2.0,768.0,2.0,6.0,2005.0,2005.0,172697.72
5.0,1.0,936.0,1.0,4.0,1967.0,1967.0,126575.0
4.0,2.0,1088.0,1.0,4.0,1963.0,1963.0,145254.09
5.0,2.0,901.0,1.0,7.0,1925.0,1950.0,131929.84
6.0,2.0,1179.0,1.0,5.0,1960.0,1960.0,149718.0
6.0,2.0,960.0,1.0,7.0,1976.0,1976.0,160186.5
5.0,2.0,0.0,2.0,11.0,1979.0,1979.0,138047.23
5.0,2.0,734.0,2.0,6.0,2005.0,2006.0,171163.32
10.0,3.0,5095.0,2.0,15.0,2008.0,2009.0,399873.74
6.0,2.0,547.0,1.0,5.0,2005.0,2005.0,138580.0
5.0,1.0,960.0,1.0,4.0,1959.0,2000.0,134079.0
4.0,0.0,0.0,2.0,6.0,1955.0,1955.0,84462.0
5.0,0.0,1195.0,2.0,8.0,1946.0,1950.0,133881.0
6.0,1.0,660.0,1.0,4.0,1920.0,1995.0,114956.62
4.0,1.0,768.0,1.0,4.0,1955.0,1955.0,111935.5
4.0,2.0,864.0,1.0,5.0,1955.0,1955.0,120709.14666666668
5.0,0.0,1296.0,2.0,12.0,1923.0,1950.0,134491.0
5.0,1.0,1290.0,1.0,6.0,1926.0,1950.0,121649.0
6.0,1.0,651.0,2.0,8.0,1921.0,2005.0,163028.33
7.0,1.0,531.0,1.0,5.0,1930.0,1995.0,142854.5
6.0,1.0,585.0,1.0,7.0,1921.0,1950.0,122359.74666666666
6.0,1.0,686.0,1.0,6.0,1926.0,1991.0,134608.62
7.0,2.0,851.0,2.0,8.0,1927.0,1992.0,196974.5
5.0,2.0,0.0,1.0,7.0,1951.0,1951.0,108735.0
4.0,1.0,930.0,2.0,7.0,1930.0,2003.0,122896.56
5.0,2.0,728.0,2.0,5.0,1941.0,1950.0,136627.2
6.0,2.0,1560.0,1.0,6.0,1960.0,1960.0,188277.86
6.0,2.0,1488.0,2.0,7.0,1968.0,1968.0,195417.0
6.0,2.0,516.0,1.0,5.0,1980.0,1980.0,124962.0
4.0,2.0,1680.0,2.0,7.0,1995.0,1996.0,183177.4
8.0,2.0,1004.0,1.0,4.0,1988.0,1988.0,196114.0
7.0,2.0,1696.0,2.0,7.0,1971.0,1971.0,245496.5
8.0,2.0,279.0,2.0,6.0,1986.0,1986.0,166714.0
6.0,2.0,720.0,1.0,6.0,1940.0,1950.0,134321.0
5.0,0.0,936.0,2.0,6.0,1925.0,2003.0,127448.08
5.0,1.7661179698216736,859.0,2.0,6.0,1923.0,1999.0,142288.01
5.0,1.0,816.0,1.0,5.0,1922.0,1950.0,109371.0
2.0,1.0,0.0,1.0,4.0,1939.0,1950.0,62683.0
5.0,0.0,957.0,2.0,9.0,1895.0,2006.0,125674.04
4.0,2.0,1073.0,1.0,6.0,1957.0,1980.0,153288.84
5.0,1.0,837.0,1.0,5.0,1930.0,2007.0,120605.18
8.0,2.0,1573.0,2.0,5.0,2006.0,2007.0,249784.28
6.0,2.0,1001.0,2.0,5.0,1979.0,1979.0,146050.16666666666
5.0,3.0,1441.0,2.0,6.0,2002.0,2002.0,190573.6
7.0,2.0,1409.0,1.0,4.0,2002.0,2002.0,200671.06
7.0,2.0,1454.0,2.0,6.0,1991.0,1992.0,194211.0
7.0,1.0,852.0,1.0,4.0,1975.0,1975.0,170416.3333333333
6.0,2.0,970.0,1.0,5.0,1974.0,1974.0,145686.0
7.0,2.0,1501.0,2.0,5.0,1987.0,1987.0,239163.2
6.0,2.0,585.0,2.0,7.0,1958.0,1995.0,198254.73
7.0,2.0,1689.0,2.0,7.0,2006.0,2007.0,245279.38
8.0,2.0,1546.0,2.0,6.0,2006.0,2007.0,256803.0
7.0,2.0,1265.0,2.0,6.0,1985.0,1985.0,209677.38
8.0,2.0,1267.0,2.0,5.0,2001.0,2001.0,216497.36
8.0,3.0,1922.0,2.0,6.0,2002.0,2002.0,340065.04
6.0,2.0,1491.0,2.0,7.0,1996.0,1996.0,205685.0
7.0,2.0,1122.0,3.0,10.0,2003.0,2004.0,270030.11
10.0,3.0,1824.0,2.0,8.0,2006.0,2007.0,360776.6
3.0,4.0,0.0,1.0,9.0,1953.0,1953.0,113520.28
6.0,2.0,920.0,0.0,3.0,1996.0,1997.0,138698.325
4.0,1.0,546.0,1.0,5.0,1972.0,1972.0,85194.25000000001
4.0,1.0,530.0,1.0,4.0,1970.0,1970.0,80920.98666666666
4.0,0.0,546.0,1.0,5.0,1970.0,1970.0,83202.75
4.0,1.0,546.0,1.0,6.0,1976.0,1976.0,86905.25
5.0,2.0,923.0,1.0,4.0,1977.0,1977.0,133126.0
6.0,2.0,1244.0,2.0,6.0,1977.0,1977.0,169335.32
5.0,2.0,1160.0,1.0,6.0,1977.0,1994.0,161092.0
5.0,2.0,716.0,1.0,6.0,1977.0,1977.0,133948.04
5.0,0.0,796.0,1.0,5.0,1971.0,1971.0,105997.16666666666
4.0,1.0,1396.0,1.0,6.0,1961.0,1961.0,154532.68
5.0,2.0,1090.0,1.0,6.0,1976.0,2003.0,148925.0
5.0,1.0,816.0,1.0,4.0,1983.0,1983.0,126315.5
5.0,1.0,864.0,1.0,5.0,1984.0,1984.0,125689.16666666666
6.0,2.0,1178.0,2.0,5.0,1954.0,1954.0,162926.0
6.0,1.0,1008.0,1.0,5.0,1956.0,1956.0,127891.83333333331
5.0,3.0,1617.0,1.0,7.0,1957.0,1957.0,151182.5
6.0,2.0,1705.0,1.0,4.0,1957.0,1957.0,179945.0
7.0,2.0,1851.0,2.0,8.0,1969.0,1969.0,243963.85
6.0,2.0,813.0,2.0,6.0,1997.0,1998.0,183886.0
6.0,2.0,781.0,2.0,7.0,1995.0,1995.0,188823.0
6.0,2.0,821.0,2.0,7.0,1996.0,1996.0,197195.0
8.0,2.0,1074.0,2.0,7.0,2005.0,2005.0,231098.9
7.0,3.0,1700.0,2.0,9.0,2005.0,2006.0,269209.61
8.0,2.0,2062.0,2.0,9.0,1994.0,1994.0,322737.0
6.0,2.0,1160.0,2.0,6.0,1993.0,1994.0,172750.0
8.0,2.0,1191.0,2.0,5.0,1987.0,1987.0,187892.0
9.0,3.0,1398.0,3.0,11.0,2005.0,2006.0,367733.68
10.0,3.0,1528.0,3.0,10.0,2006.0,2006.0,409170.68
9.0,3.0,1094.0,2.0,11.0,2006.0,2006.0,344019.05
10.0,3.0,1850.0,2.0,11.0,2006.0,2006.0,456741.67
9.0,3.0,1390.0,3.0,10.0,2005.0,2006.0,362019.36
9.0,2.0,1714.0,2.0,7.0,2005.0,2005.0,287162.5
9.0,3.0,1910.0,2.0,8.0,2005.0,2005.0,326721.08
6.0,2.0,988.0,1.0,5.0,1980.0,1980.0,142669.5
7.0,2.0,945.0,2.0,8.0,1978.0,1978.0,200466.0
7.0,2.0,1047.0,1.0,5.0,1976.0,1976.0,162628.0
7.0,2.0,960.0,2.0,8.0,2005.0,2006.0,234577.63333333336
6.0,2.0,675.0,3.0,8.0,1975.0,2000.0,191954.65
6.0,2.0,1103.0,2.0,6.0,1974.0,1974.0,164028.33333333334
4.0,2.0,864.0,1.0,5.0,1971.0,1971.0,121039.33333333334
6.0,2.0,1487.0,2.0,4.0,2002.0,2002.0,194767.62666666665
6.0,2.0,525.0,1.0,6.0,1973.0,1973.0,136850.0
5.0,2.0,765.0,1.0,7.0,1973.0,1973.0,139657.9
6.0,1.0,494.0,1.0,6.0,1972.0,1972.0,97969.0
6.0,1.0,483.0,1.0,5.0,1972.0,1972.0,93701.0
6.0,1.0,525.0,1.0,6.0,1972.0,1972.0,98766.66666666669
6.0,2.0,1069.0,2.0,4.0,1975.0,1975.0,151792.4166666667
5.0,1.0,943.0,1.0,6.0,1967.0,1975.0,127029.43333333332
7.0,1.0,1055.0,2.0,4.0,1976.0,1976.0,154530.66666666666
6.0,2.0,855.0,2.0,6.0,1976.0,1976.0,159871.0
9.0,3.0,1738.0,2.0,11.0,2006.0,2006.0,436808.73
8.0,3.0,1618.0,2.0,6.0,2004.0,2004.0,265259.4
7.0,3.0,1721.0,2.0,8.0,2006.0,2006.0,272073.41
9.0,3.0,1868.0,2.0,7.0,2005.0,2005.0,328520.88
9.0,3.0,1090.0,2.0,10.0,2005.0,2006.0,334039.19
9.0,2.0,1606.0,2.0,8.0,2005.0,2006.0,300764.18
8.0,2.0,1209.0,2.0,8.0,2005.0,2006.0,233206.52666666664
8.0,3.0,1054.0,2.0,10.0,2006.0,2006.0,302979.94
8.0,3.0,1524.0,2.0,10.0,2005.0,2006.0,300984.02
9.0,3.0,1792.0,2.0,6.0,2005.0,2006.0,295520.79
9.0,3.0,1780.0,2.0,7.0,2004.0,2005.0,293286.91
8.0,3.0,1420.0,2.0,9.0,2004.0,2004.0,304646.82
9.0,2.0,1560.0,2.0,6.0,2005.0,2005.0,280564.0
9.0,3.0,1686.0,2.0,6.0,2006.0,2006.0,306792.23
9.0,2.0,1666.0,2.0,6.0,2006.0,2006.0,303270.0
6.0,2.0,728.0,2.0,8.0,2005.0,2006.0,174805.1
7.0,2.0,738.0,2.0,8.0,2006.0,2006.0,177439.41666666663
6.0,2.0,1326.0,2.0,6.0,2006.0,2006.0,181918.7
8.0,3.0,1052.0,2.0,9.0,2004.0,2005.0,264742.04
7.0,2.0,738.0,2.0,8.0,2006.0,2006.0,177439.41666666663
7.0,2.0,1220.0,2.0,6.0,2006.0,2006.0,193786.38
7.0,2.0,1368.0,2.0,5.0,2002.0,2002.0,193509.0
7.0,2.0,1365.0,2.0,7.0,2004.0,2004.0,188405.15
7.0,2.0,1142.0,2.0,6.0,2005.0,2006.0,198883.925
7.0,2.0,848.0,2.0,7.0,2004.0,2005.0,202944.75
6.0,2.0,982.0,2.0,9.0,2000.0,2000.0,207107.25
7.0,3.0,1035.0,3.0,8.0,2006.0,2006.0,255284.36
8.0,3.0,1044.0,2.0,7.0,1998.0,1998.0,288278.22
8.0,3.0,1160.0,2.0,7.0,2000.0,2000.0,253110.92
9.0,3.0,1540.0,2.0,9.0,2000.0,2000.0,328918.48
8.0,3.0,1342.0,2.0,9.0,1995.0,1995.0,311335.11
9.0,3.0,1733.0,3.0,11.0,1993.0,1994.0,531186.25
8.0,3.0,1290.0,2.0,9.0,1994.0,1995.0,312533.61
8.0,3.0,1286.0,2.0,8.0,1993.0,1993.0,308137.5
8.0,2.0,1100.0,2.0,8.0,2005.0,2006.0,245873.20666666667
8.0,3.0,1670.0,2.0,6.0,2006.0,2006.0,270100.93
8.0,2.0,1504.0,2.0,7.0,2006.0,2006.0,261535.74
8.0,2.0,1278.0,2.0,5.0,2006.0,2006.0,212404.3
9.0,3.0,2036.0,3.0,11.0,2006.0,2006.0,515508.92
6.0,2.0,858.0,2.0,7.0,2005.0,2005.0,189716.85
6.0,0.0,1142.0,1.0,5.0,2005.0,2005.0,129309.5
7.0,2.0,1400.0,2.0,6.0,2005.0,2006.0,188958.0375
6.0,0.0,1131.0,1.0,6.0,2005.0,2006.0,130710.5
7.0,2.0,891.0,2.0,8.0,2005.0,2005.0,232938.6366666667
7.0,2.0,784.0,2.0,7.0,2005.0,2005.0,192357.66666666663
6.0,2.0,941.0,2.0,7.0,1997.0,1998.0,194728.0
6.0,2.0,836.0,2.0,7.0,1992.0,1993.0,182411.0
6.0,2.0,1398.0,2.0,5.0,1990.0,1991.0,177009.0
6.0,2.0,1217.0,2.0,5.0,1991.0,1991.0,166208.0
6.0,2.0,636.0,2.0,6.0,1994.0,1994.0,174442.85
5.0,2.0,988.0,1.0,6.0,1962.0,1962.0,136122.66666666666
6.0,2.0,0.0,2.0,10.0,1977.0,1977.0,160167.1
5.0,2.0,864.0,1.0,6.0,1962.0,2002.0,132675.0
5.0,1.0,984.0,1.0,5.0,1965.0,1965.0,130244.0
5.0,1.0,882.0,1.0,5.0,1968.0,1968.0,110615.66666666666
5.0,2.0,925.0,1.0,5.0,1963.0,1963.0,128928.0
5.0,1.0,1024.0,1.0,5.0,1965.0,1965.0,130659.0
5.0,0.0,912.0,1.0,6.0,1964.0,1964.0,108402.5
5.0,1.0,912.0,1.0,6.0,1967.0,1967.0,123252.5
7.0,2.0,1748.0,2.0,9.0,1974.0,1974.0,258161.24
8.0,3.0,1334.0,2.0,9.0,1992.0,1993.0,311566.11
7.0,2.0,1143.0,1.0,5.0,2004.0,2004.0,193618.83
7.0,2.0,600.0,2.0,4.0,2005.0,2005.0,146652.67466666666
6.0,2.0,756.0,2.0,4.0,2000.0,2000.0,173063.8266666667
7.0,2.0,530.0,2.0,4.0,2003.0,2003.0,151520.56
7.0,1.0,569.0,2.0,6.0,1997.0,1998.0,158492.0
8.0,2.0,1568.0,2.0,6.0,2001.0,2002.0,262305.0
5.0,2.0,1153.0,2.0,6.0,1972.0,1972.0,161394.0
7.0,2.0,1334.0,2.0,7.0,1967.0,1967.0,197264.0
5.0,2.0,1051.0,1.0,6.0,1968.0,1968.0,144238.0
5.0,2.0,900.0,1.0,7.0,1968.0,1968.0,136091.66666666666
6.0,2.0,976.0,1.0,4.0,1968.0,2004.0,150819.0
5.0,1.0,833.0,1.0,6.0,1968.0,1968.0,120844.0
5.0,1.0,1051.0,1.0,6.0,1966.0,1966.0,135691.5
5.0,1.0,1141.0,1.0,6.0,1967.0,1967.0,142402.0
6.0,1.0,1187.0,2.0,7.0,1965.0,2000.0,160721.5
6.0,2.0,1008.0,1.0,7.0,1964.0,1964.0,162129.5
5.0,2.0,720.0,1.0,7.0,1964.0,1964.0,134449.3
5.0,1.0,1248.0,1.0,6.0,1960.0,1960.0,148206.0
6.0,1.0,816.0,1.0,4.0,1934.0,1950.0,118793.84
5.0,1.0,938.0,1.0,5.0,1947.0,1950.0,122034.58
5.0,2.0,1251.0,1.0,7.0,1961.0,1990.0,163594.0
5.0,1.0,1444.0,1.0,6.0,1952.0,1952.0,151986.0
5.0,1.0,1056.0,1.0,7.0,1951.0,1951.0,133838.25
5.0,1.0,704.0,1.0,7.0,1949.0,1973.0,134959.15
5.0,1.0,936.0,1.0,5.0,1954.0,1975.0,122649.0
5.0,2.0,1584.0,2.0,8.0,1967.0,1967.0,154367.0
6.0,2.0,1246.0,1.0,6.0,1964.0,1964.0,154099.0
6.0,2.0,1008.0,1.0,5.0,1963.0,1963.0,140663.0
5.0,1.0,1179.0,1.0,6.0,1957.0,1957.0,145150.0
6.0,2.0,1121.0,1.0,7.0,1958.0,1958.0,160174.5
5.0,1.0,1058.0,1.0,6.0,1956.0,1956.0,130488.0
6.0,1.0,1124.0,1.0,6.0,1956.0,1994.0,160967.0
6.0,1.0,1050.0,1.0,6.0,1954.0,2000.0,151292.0
5.0,1.0,1008.0,1.0,4.0,1952.0,2003.0,139279.0
6.0,2.0,216.0,1.0,5.0,1951.0,1951.0,119243.0
5.0,2.0,301.0,1.0,6.0,1956.0,1956.0,125181.64
5.0,1.0,1005.0,1.0,6.0,1956.0,1956.0,126960.0
5.0,1.0,1056.0,1.0,6.0,1955.0,1955.0,130883.0
5.0,1.0,884.0,1.0,4.0,1951.0,1991.0,121229.83333333334
7.0,3.0,929.0,1.0,7.0,1941.0,1963.0,217787.27
5.0,2.0,1015.0,1.0,6.0,1956.0,2001.0,152342.0
5.0,3.0,2171.0,2.0,10.0,1925.0,1975.0,150381.0
6.0,2.0,784.0,1.0,6.0,1947.0,1950.0,132216.0
3.0,1.0,713.0,1.0,5.0,1930.0,2001.0,107542.78
3.0,2.0,715.0,1.0,4.0,1929.0,1950.0,100542.13
4.0,1.0,448.0,1.0,5.0,1900.0,1998.0,83777.75333333333
6.0,2.0,663.0,2.0,7.0,1915.0,1950.0,181777.1
4.0,2.0,1077.0,1.0,7.0,1910.0,1950.0,118892.67
6.0,1.0,1083.0,1.0,6.0,1963.0,1963.0,153810.0
6.0,1.0,1135.0,1.0,6.0,1962.0,1985.0,155422.5
6.0,2.0,1313.0,2.0,6.0,1961.0,1992.0,190502.82
7.0,2.0,0.0,2.0,5.0,1959.0,1959.0,163471.4
7.0,2.0,1438.0,3.0,9.0,1962.0,1998.0,258290.86
4.0,1.0,910.0,1.0,6.0,1950.0,1950.0,123934.32
3.0,2.0,0.0,2.0,6.0,1950.0,1950.0,93691.0
5.0,0.0,1556.0,2.0,8.0,1960.0,1960.0,152245.5
5.0,1.0,1150.0,1.0,6.0,1961.0,1961.0,143186.5
7.0,2.0,1045.0,1.0,6.0,1962.0,1962.0,182062.86
5.0,1.0,864.0,1.0,5.0,1962.0,1962.0,115264.66666666669
5.0,0.0,1025.0,1.0,6.0,1962.0,1962.0,117983.0
5.0,2.0,716.0,2.0,8.0,1900.0,2005.0,137384.8
5.0,1.0,1212.0,1.0,6.0,1948.0,1950.0,142039.0
4.0,1.0,1147.0,1.0,9.0,1920.0,1980.0,142671.46
6.0,2.0,780.0,1.0,7.0,1900.0,2004.0,147981.04
7.0,2.0,712.0,1.0,7.0,1900.0,1970.0,162451.0
7.0,1.0,502.0,1.0,5.0,1930.0,1950.0,138325.0
4.0,2.0,938.0,2.0,9.0,1900.0,1950.0,104662.97
6.0,1.0,1032.0,1.0,5.0,1924.0,1950.0,116032.0
5.0,1.0,844.0,1.0,5.0,1925.0,1950.0,107055.5
4.0,1.0,576.0,1.0,5.0,1950.0,1950.0,90847.5
3.0,1.0,738.0,1.0,7.0,1905.0,1950.0,107221.1
5.0,2.0,960.0,1.0,5.0,1955.0,1955.0,127305.92
5.0,2.0,816.0,1.0,7.0,1924.0,1950.0,128072.42
3.0,1.0,492.0,1.0,3.0,1921.0,1950.0,68516.0
6.0,1.0,770.0,1.0,5.0,1945.0,1950.0,119158.0
3.0,1.0,798.0,1.0,5.0,1920.0,1950.0,93187.0
7.0,2.0,1226.0,2.0,9.0,1910.0,2005.0,236494.76
5.0,0.0,624.0,2.0,8.0,1920.0,1950.0,114972.74
5.0,2.0,960.0,1.0,5.0,1958.0,1958.0,126898.56
3.0,0.0,1020.0,1.0,5.0,1918.0,1950.0,99076.25
6.0,1.0,848.0,1.0,9.0,1924.0,1996.0,166467.79
3.0,1.0,728.0,1.0,6.0,1930.0,1950.0,107629.0
5.0,1.0,741.0,1.0,7.0,1930.0,1984.0,142376.92
5.0,1.0,816.0,1.0,4.0,1925.0,1950.0,105124.0
6.0,2.0,1595.0,2.0,8.0,1962.0,1962.0,203870.9
4.0,2.0,596.0,2.0,7.0,1924.0,1950.0,106312.47
5.0,1.0,396.0,1.0,7.0,1910.0,2004.0,117022.34
5.0,0.0,610.0,1.0,4.0,1919.0,1950.0,88454.5
6.0,1.0,984.0,1.0,6.0,1930.0,1950.0,114609.5
5.0,1.0,806.0,1.0,7.0,1951.0,1951.0,113789.0
6.0,2.0,1921.0,2.0,8.0,1964.0,1964.0,209027.1
5.0,2.0,0.0,1.0,7.0,1950.0,1950.0,107163.0
5.0,1.0,0.0,1.0,6.0,1935.0,1950.0,100458.68
5.0,1.0,830.0,1.0,4.0,1936.0,1950.0,112917.34
7.0,1.0,1073.0,2.0,4.0,2004.0,2004.0,186979.4
5.0,2.0,1064.0,1.0,6.0,1967.0,1967.0,147089.09
6.0,1.0,912.0,1.0,4.0,1964.0,1964.0,129134.5
5.0,1.0,1059.0,1.0,6.0,1966.0,1966.0,141460.0
5.0,2.0,1176.0,1.0,7.0,1967.0,1967.0,163957.59
6.0,2.0,960.0,1.0,6.0,1978.0,1978.0,148677.1
5.0,2.0,1967.0,2.0,10.0,1977.0,1977.0,175352.0
5.0,2.0,1949.0,2.0,10.0,1977.0,1977.0,175352.0
5.0,1.0,872.0,1.0,5.0,1924.0,1950.0,108858.0
7.0,2.0,1865.0,1.0,6.0,1967.0,1967.0,228077.86
5.0,2.0,1000.0,1.0,4.0,1963.0,1963.0,140445.0
5.0,2.0,782.0,1.0,4.0,1971.0,1972.0,125801.0
7.0,1.0,430.0,2.0,7.0,1980.0,1981.0,163551.0
4.0,2.0,967.0,1.0,6.0,1954.0,1954.0,122239.39
5.0,1.0,799.0,1.0,6.0,1942.0,1950.0,113407.34
6.0,3.0,672.0,2.0,8.0,1928.0,1950.0,216050.4
6.0,2.0,1836.0,3.0,7.0,1935.0,1990.0,233543.5
5.0,2.0,1776.0,2.0,6.0,1962.0,1962.0,166288.0
5.0,2.0,0.0,1.0,7.0,1952.0,2002.0,117347.64
5.0,1.0,1057.0,1.0,6.0,1955.0,1999.0,140361.84
6.0,1.0,1000.0,1.0,7.0,1953.0,1953.0,137348.5
6.0,2.0,868.0,2.0,9.0,1989.0,1989.0,206862.75
6.0,4.0,1344.0,2.0,8.0,1993.0,1993.0,201739.5
7.0,3.0,1308.0,2.0,7.0,2005.0,2006.0,231160.09
7.0,2.0,1208.0,2.0,6.0,2005.0,2005.0,191843.02333333335
6.0,2.0,1836.0,2.0,7.0,2006.0,2006.0,203937.85
8.0,3.0,1570.0,2.0,6.0,2005.0,2006.0,252076.71
7.0,2.0,945.0,2.0,8.0,2005.0,2006.0,235660.73333333337
7.0,2.0,1614.0,2.0,7.0,2005.0,2005.0,225523.37
7.0,2.0,784.0,2.0,6.0,2005.0,2005.0,189017.76
6.0,2.0,1388.0,2.0,6.0,1968.0,1968.0,174847.5
5.0,2.0,1100.0,1.0,5.0,1996.0,1996.0,151595.25
6.0,2.0,781.0,2.0,6.0,1995.0,1995.0,182217.0
7.0,2.0,1425.0,2.0,5.0,1998.0,1998.0,193130.8
7.0,2.0,842.0,2.0,7.0,1999.0,1999.0,197735.0
7.0,2.0,951.0,2.0,7.0,1999.0,2000.0,205292.0
6.0,1.0,675.0,1.0,6.0,1977.0,1977.0,141603.58
6.0,3.0,995.0,2.0,6.0,1978.0,1978.0,157015.5
5.0,1.0,864.0,1.0,5.0,1972.0,1972.0,128621.4166666667
7.0,2.0,826.0,2.0,6.0,2002.0,2002.0,203303.0
6.0,2.0,840.0,2.0,7.0,1999.0,1999.0,193402.0
8.0,2.0,1348.0,1.0,5.0,2002.0,2002.0,214907.32
7.0,2.0,872.0,2.0,8.0,2002.0,2002.0,212689.35
8.0,3.0,1090.0,2.0,8.0,1999.0,1999.0,288398.65
7.0,2.0,1065.0,2.0,9.0,1996.0,1997.0,248890.95
7.0,3.0,1054.0,2.0,8.0,1998.0,1998.0,258912.39
7.0,2.0,930.0,2.0,8.0,1995.0,1996.0,205472.7
6.0,2.0,848.0,1.0,4.0,2003.0,2003.0,138840.875
7.0,2.0,1390.0,2.0,7.0,2003.0,2003.0,202223.7
7.0,2.0,851.0,2.0,7.0,2006.0,2006.0,213738.09666666668
7.0,2.0,784.0,2.0,6.0,2005.0,2005.0,189017.76
7.0,2.0,1336.0,2.0,6.0,2005.0,2006.0,192494.11416666667
4.0,2.0,676.0,2.0,6.0,1910.0,2000.0,112291.80666666669
6.0,0.0,976.0,2.0,4.0,1975.0,1975.0,128536.75
5.0,1.0,1176.0,1.0,5.0,1969.0,1969.0,147201.0
7.0,2.0,796.0,2.0,8.0,2003.0,2004.0,206933.35
6.0,0.0,914.0,1.0,4.0,2002.0,2002.0,120220.625
7.0,2.0,1150.0,2.0,9.0,2003.0,2005.0,257677.69
6.0,2.0,547.0,1.0,5.0,2005.0,2006.0,148699.5
7.0,2.0,970.0,2.0,7.0,2004.0,2004.0,141505.0
4.0,1.0,624.0,1.0,5.0,1948.0,1950.0,91819.83333333331
6.0,2.0,832.0,2.0,7.0,1915.0,1950.0,168237.1
4.0,1.0,1093.0,1.0,9.0,1924.0,1950.0,130776.33
4.0,2.0,954.0,2.0,6.0,1954.0,1968.0,130196.27
4.0,0.0,864.0,1.0,8.0,1922.0,1950.0,103058.0
2.0,1.0,498.0,1.0,3.0,1922.0,1955.0,66220.0
4.0,1.0,616.0,1.0,5.0,1910.0,1993.0,87725.21
5.0,1.0,1058.0,2.0,6.0,1938.0,1950.0,125517.25
6.0,1.0,780.0,1.0,6.0,1945.0,1950.0,132204.0
7.0,1.0,624.0,1.0,6.0,1926.0,1997.0,148817.0
6.0,1.0,755.0,1.0,6.0,1920.0,1950.0,113100.91
7.0,1.0,818.0,1.0,7.0,1919.0,1950.0,155990.0
5.0,1.0,992.0,2.0,6.0,1939.0,1950.0,123121.5
5.0,1.0,824.0,1.0,6.0,1941.0,1950.0,120074.84
6.0,1.0,817.0,1.0,7.0,1920.0,1950.0,125510.08
5.0,1.0,901.0,1.0,7.0,1940.0,1950.0,124598.5
7.0,2.0,1022.0,2.0,7.0,1929.0,1950.0,187176.79
7.0,3.0,637.0,1.0,8.0,1932.0,1990.0,185576.99
6.0,2.0,697.0,1.0,8.0,1930.0,1959.0,156599.6
5.0,1.0,1168.0,2.0,9.0,1950.0,1963.0,152221.25
5.0,1.0,976.0,1.0,5.0,1942.0,1950.0,117470.5
6.0,2.0,861.0,1.0,6.0,1926.0,1950.0,132890.0
4.0,0.0,432.0,1.0,4.0,1925.0,1950.0,71278.5
4.0,1.0,641.0,1.0,4.0,1925.0,1950.0,104119.16666666666
6.0,1.0,967.0,2.0,6.0,1957.0,1957.0,134789.0
3.0,0.0,0.0,1.0,5.0,1945.0,1950.0,65763.0
5.0,0.0,660.0,2.0,8.0,1951.0,1951.0,120609.74
3.0,0.0,216.0,1.0,6.0,1916.0,1950.0,64846.0
8.0,2.0,1573.0,2.0,5.0,2005.0,2006.0,260843.0
8.0,2.0,1594.0,2.0,5.0,2004.0,2005.0,272733.0
6.0,2.0,1625.0,2.0,6.0,1979.0,1979.0,190402.5
6.0,2.0,1664.0,2.0,10.0,1978.0,1978.0,211006.5
8.0,2.0,1491.0,2.0,7.0,2001.0,2001.0,257543.0
6.0,2.0,1128.0,2.0,6.0,1975.0,1975.0,168211.33333333337
6.0,2.0,1632.0,1.0,6.0,1958.0,1958.0,191704.86
6.0,2.0,1381.0,2.0,5.0,2000.0,2000.0,178222.46
8.0,3.0,1728.0,2.0,8.0,2005.0,2006.0,294467.31
9.0,3.0,1838.0,2.0,9.0,2005.0,2006.0,344211.02
1.0,1.0,0.0,1.0,6.0,1951.0,1951.0,75033.66666666666
7.0,4.0,1288.0,2.0,8.0,1997.0,1997.0,246168.13
5.0,1.0,264.0,1.0,5.0,1977.0,1977.0,108310.5
5.0,1.0,864.0,1.0,5.0,1968.0,2003.0,129522.16666666669
5.0,3.0,1652.0,2.0,8.0,1970.0,1970.0,144642.59
4.0,0.0,630.0,1.0,3.0,1970.0,1970.0,80918.33333333333
4.0,1.0,546.0,1.0,5.0,1972.0,1972.0,85194.25000000001
5.0,1.0,1104.0,1.0,8.0,1969.0,1979.0,146144.0
4.0,1.0,546.0,1.0,5.0,1970.0,1970.0,84748.32
4.0,0.0,546.0,1.0,5.0,1970.0,1970.0,83202.75
4.0,0.0,546.0,1.0,5.0,1970.0,1970.0,83202.75
4.0,1.0,546.0,1.0,6.0,1970.0,1970.0,84072.48666666668
5.0,2.0,1224.0,1.0,7.0,1960.0,1996.0,163162.5
5.0,0.0,912.0,1.0,6.0,1992.0,1992.0,119731.9
7.0,3.0,996.0,2.0,9.0,1993.0,1994.0,252696.19
